normal_consume,consumption_in_period,autoconsume,temp_max,humidity,hour,taxa_autoconsumo,hora_partida,injection_tentativa,is_sunny
0.0,0.467,0.0,13.43,95,0,0.0,0,-0.47,0
0.0,0.577,0.0,13.9,95,1,0.0,0,-0.58,0
0.0,0.346,0.0,14.82,95,2,0.0,0,-0.35,0
0.0,0.27,0.0,14.82,95,3,0.0,0,-0.27,0
0.0,0.252,0.0,14.82,95,4,0.0,0,-0.25,0
0.0,0.255,0.0,15.82,95,5,0.0,0,-0.26,0
0.0,0.256,0.0,16.12,95,6,0.0,0,-0.26,0
0.0,0.263,0.0,16.82,93,7,0.0,1,-0.26,0
0.275,0.0,0.002,16.82,77,8,0.01,1,-0.27,0
0.331,0.0,0.0,16.82,76,9,0.0,1,-0.33,1
0.271,0.0,0.0,15.15,87,10,0.0,1,-0.27,1
0.25,0.0,0.022,14.04,94,11,0.08,1,-0.23,1
0.778,0.0,0.056,14.82,94,12,0.07,1,-0.72,1
0.496,0.0,0.007,14.82,95,13,0.01,1,-0.49,1
0.338,0.0,0.016,14.04,94,14,0.05,1,-0.32,1
0.362,0.0,0.001,13.82,94,15,0.0,1,-0.36,1
1.326,0.0,0.0,13.48,95,16,0.0,1,-1.33,1
0.631,0.0,0.0,12.32,95,17,0.0,1,-0.63,1
0.595,0.0,0.0,11.82,95,18,0.0,1,-0.6,0
2.089,0.0,0.0,11.77,95,19,0.0,0,-2.09,0
1.635,0.0,0.0,10.9,95,20,0.0,0,-1.64,0
0.637,0.0,0.0,11.21,95,21,0.0,0,-0.64,0
0.0,0.577,0.0,11.21,96,22,0.0,0,-0.58,0
0.0,0.566,0.0,10.82,96,23,0.0,0,-0.57,0
0.0,0.639,0.0,10.15,96,0,0.0,0,-0.64,0
0.0,0.51,0.0,9.59,96,1,0.0,0,-0.51,0
0.0,0.375,0.0,9.04,96,2,0.0,0,-0.38,0
0.0,0.345,0.0,9.04,96,3,0.0,0,-0.34,0
0.0,0.241,0.0,9.04,96,4,0.0,0,-0.24,0
0.0,0.237,0.0,7.93,95,5,0.0,0,-0.24,0
0.0,0.252,0.0,7.93,96,6,0.0,0,-0.25,0
0.0,0.974,0.0,8.82,96,7,0.0,1,-0.97,0
0.476,0.0,0.01,7.82,95,8,0.02,1,-0.47,0
0.15,0.0,0.083,8.82,96,9,0.36,1,-0.07,1
0.08,0.0,0.158,9.82,96,10,0.66,1,0.08,1
0.0,0.0,0.251,11.82,93,11,1.0,1,0.25,1
0.0,0.0,0.248,12.82,90,12,0.99,1,0.25,1
0.166,0.0,0.078,13.82,77,13,0.32,1,-0.09,1
0.01,0.0,0.22,13.82,73,14,0.96,1,0.21,1
0.023,0.0,0.272,14.82,72,15,0.91,1,0.25,1
0.251,0.0,0.053,13.82,73,16,0.18,1,-0.2,1
0.425,0.0,0.0,12.79,77,17,0.0,1,-0.42,1
0.97,0.0,0.0,10.57,82,18,0.0,1,-0.97,0
0.683,0.0,0.0,11.21,85,19,0.0,0,-0.68,0
0.73,0.0,0.0,10.66,87,20,0.0,0,-0.73,0
0.847,0.0,0.0,10.1,87,21,0.0,0,-0.85,0
0.0,0.681,0.0,9.54,89,22,0.0,0,-0.68,0
0.0,0.56,0.0,8.99,89,23,0.0,0,-0.56,0
0.0,0.521,0.0,9.04,87,0,0.0,0,-0.52,0
0.0,0.338,0.0,7.93,89,1,0.0,0,-0.34,0
0.0,0.271,0.0,7.93,90,2,0.0,0,-0.27,0
0.0,0.259,0.0,7.37,91,3,0.0,0,-0.26,0
0.0,0.247,0.0,6.82,92,4,0.0,0,-0.25,0
0.0,0.263,0.0,7.37,92,5,0.0,0,-0.26,0
0.0,0.274,0.0,7.93,89,6,0.0,0,-0.27,0
0.0,0.813,0.0,7.93,88,7,0.0,1,-0.81,0
0.301,0.0,0.081,7.93,86,8,0.21,1,-0.22,0
0.0,0.0,0.325,8.48,86,9,1.02,1,0.32,1
0.0,0.0,0.271,10.7,79,10,1.0,1,0.27,1
0.0,0.0,0.261,11.26,76,11,1.0,1,0.26,1
0.368,0.0,0.614,12.93,68,12,0.63,1,0.25,1
0.06,0.0,0.495,12.93,70,13,0.9,1,0.44,1
0.0,0.0,0.255,13.82,65,14,0.98,1,0.26,1
0.023,0.0,0.221,14.82,68,15,0.92,1,0.2,1
0.175,0.0,0.065,13.82,71,16,0.27,1,-0.11,1
0.23,0.0,0.0,12.82,72,17,0.0,1,-0.23,1
0.858,0.0,0.0,11.26,80,18,0.0,1,-0.86,0
0.843,0.0,0.0,10.15,82,19,0.0,0,-0.84,0
0.463,0.0,0.0,9.59,84,20,0.0,0,-0.46,0
0.854,0.0,0.0,10.15,84,21,0.0,0,-0.85,0
0.0,1.514,0.0,9.59,84,22,0.0,0,-1.51,0
0.0,0.609,0.0,9.59,79,23,0.0,0,-0.61,0
0.0,0.592,0.0,9.04,83,0,0.0,0,-0.59,0
0.0,0.579,0.0,9.04,82,1,0.0,0,-0.58,0
0.0,0.531,0.0,9.04,77,2,0.0,0,-0.53,0
0.0,0.264,0.0,8.48,81,3,0.0,0,-0.26,0
0.0,0.266,0.0,9.04,77,4,0.0,0,-0.27,0
0.0,0.265,0.0,9.04,75,5,0.0,0,-0.26,0
0.0,0.299,0.0,9.04,75,6,0.0,0,-0.3,0
0.0,1.245,0.0,6.82,97,7,0.0,1,-1.25,0
0.369,0.0,0.092,6.82,97,8,0.2,1,-0.28,0
0.0,0.0,0.367,10.15,69,9,0.99,1,0.37,1
0.0,0.0,0.367,11.82,65,10,0.99,1,0.37,1
0.0,0.0,0.361,13.48,60,11,1.0,1,0.36,1
0.0,0.0,0.281,14.04,66,12,1.0,1,0.28,1
0.0,0.0,0.252,14.82,69,13,1.01,1,0.25,1
0.0,0.0,0.288,15.82,64,14,0.99,1,0.29,1
0.204,0.0,0.324,15.34,67,15,0.61,1,0.12,1
0.21,0.0,0.042,14.79,69,16,0.17,1,-0.17,1
0.304,0.0,0.0,14.23,70,17,0.0,1,-0.3,1
1.174,0.0,0.0,12.93,73,18,0.0,1,-1.17,0
1.826,0.0,0.0,12.37,75,19,0.0,0,-1.83,0
1.262,0.0,0.0,11.82,79,20,0.0,0,-1.26,0
0.808,0.0,0.0,11.26,85,21,0.0,0,-0.81,0
0.0,0.662,0.0,10.7,86,22,0.0,0,-0.66,0
0.0,0.472,0.0,10.15,84,23,0.0,0,-0.47,0
0.0,0.418,0.0,10.7,80,0,0.0,0,-0.42,0
0.0,0.361,0.0,7.79,92,1,0.0,0,-0.36,0
0.0,0.357,0.0,8.34,91,2,0.0,0,-0.36,0
0.0,0.319,0.0,7.82,93,3,0.0,0,-0.32,0
0.0,0.308,0.0,7.23,94,4,0.0,0,-0.31,0
0.0,0.303,0.0,6.77,95,5,0.0,0,-0.3,0
0.0,0.308,0.0,7.23,94,6,0.0,0,-0.31,0
0.0,0.829,0.0,6.82,95,7,0.0,1,-0.83,0
0.381,0.0,0.094,6.12,94,8,0.2,1,-0.29,0
0.0,0.0,0.335,7.82,92,9,0.99,1,0.34,1
0.336,0.0,0.616,12.37,58,10,0.65,1,0.28,1
0.0,0.0,0.337,13.48,58,11,0.99,1,0.34,1
0.057,0.0,0.424,14.04,61,12,0.88,1,0.37,1
0.0,0.0,0.343,14.59,62,13,1.01,1,0.34,1
0.0,0.0,0.292,15.82,67,14,1.01,1,0.29,1
0.0,0.0,0.293,15.82,57,15,1.01,1,0.29,1
0.247,0.0,0.049,15.82,60,16,0.16,1,-0.2,1
0.321,0.0,0.0,13.82,65,17,0.0,1,-0.32,1
0.89,0.0,0.0,11.82,69,18,0.0,1,-0.89,0
1.752,0.0,0.0,10.7,73,19,0.0,0,-1.75,0
0.817,0.0,0.0,9.82,78,20,0.0,0,-0.82,0
1.256,0.0,0.0,9.04,81,21,0.0,0,-1.26,0
0.0,2.771,0.0,8.82,83,22,0.0,0,-2.77,0
0.0,2.215,0.0,7.82,92,23,0.0,0,-2.22,0
0.0,1.78,0.0,7.93,85,0,0.0,0,-1.78,0
0.0,0.95,0.0,6.82,92,1,0.0,0,-0.95,0
0.0,0.713,0.0,6.82,93,2,0.0,0,-0.71,0
0.0,0.47,0.0,6.82,95,3,0.0,0,-0.47,0
0.0,0.497,0.0,6.82,94,4,0.0,0,-0.5,0
0.0,0.443,0.0,5.82,94,5,0.0,0,-0.44,0
0.0,0.792,0.0,5.82,90,6,0.0,0,-0.79,0
0.0,1.763,0.0,5.82,92,7,0.0,1,-1.76,0
0.947,0.0,0.074,5.82,89,8,0.07,1,-0.87,0
0.245,0.0,0.406,5.82,94,9,0.62,1,0.16,1
0.164,0.0,0.421,6.82,92,10,0.73,1,0.26,1
0.052,0.0,0.449,8.82,91,11,0.9,1,0.4,1
0.067,0.0,0.394,10.82,81,12,0.86,1,0.33,1
0.018,0.0,0.436,12.01,82,13,0.97,1,0.42,1
0.0,0.0,0.444,13.12,81,14,1.01,1,0.44,1
0.222,0.0,0.223,13.82,82,15,0.51,1,0.0,1
0.457,0.0,0.046,13.82,81,16,0.09,1,-0.41,1
0.586,0.0,0.0,12.82,84,17,0.0,1,-0.59,1
1.821,0.0,0.0,12.82,83,18,0.0,1,-1.82,0
1.046,0.0,0.0,11.82,81,19,0.0,0,-1.05,0
0.413,0.0,0.0,11.82,80,20,0.0,0,-0.41,0
0.36,0.0,0.0,11.82,82,21,0.0,0,-0.36,0
0.0,0.369,0.0,12.82,82,22,0.0,0,-0.37,0
0.0,0.375,0.0,13.82,83,23,0.0,0,-0.38,0
0.0,0.732,0.0,13.82,82,0,0.0,0,-0.73,0
0.0,0.605,0.0,13.82,84,1,0.0,0,-0.6,0
0.0,0.493,0.0,13.82,86,2,0.0,0,-0.49,0
0.0,1.073,0.0,13.82,88,3,0.0,0,-1.07,0
0.0,0.777,0.0,12.93,90,4,0.0,0,-0.78,0
0.0,0.469,0.0,12.93,92,5,0.0,0,-0.47,0
0.0,0.412,0.0,13.6,93,6,0.0,0,-0.41,0
0.0,0.408,0.0,13.12,93,7,0.0,1,-0.41,0
0.383,0.0,0.0,13.12,93,8,0.0,1,-0.38,0
0.343,0.0,0.023,13.82,93,9,0.06,1,-0.32,1
0.333,0.0,0.03,14.15,94,10,0.08,1,-0.3,1
0.415,0.0,0.057,14.82,94,11,0.12,1,-0.36,1
0.61,0.0,0.061,14.82,94,12,0.09,1,-0.55,1
0.533,0.0,0.065,14.15,95,13,0.11,1,-0.47,1
0.536,0.0,0.02,15.82,95,14,0.04,1,-0.52,1
0.922,0.0,0.005,14.82,95,15,0.01,1,-0.92,1
0.678,0.0,0.001,13.82,95,16,0.0,1,-0.68,1
0.521,0.0,0.0,13.82,95,17,0.0,1,-0.52,1
0.563,0.0,0.0,13.82,95,18,0.0,1,-0.56,0
0.668,0.0,0.0,12.82,95,19,0.0,0,-0.67,0
0.523,0.0,0.0,13.82,95,20,0.0,0,-0.52,0
0.338,0.0,0.0,13.82,95,21,0.0,0,-0.34,0
0.0,0.34,0.0,13.82,94,22,0.0,0,-0.34,0
0.0,0.411,0.0,13.82,95,23,0.0,0,-0.41,0
0.0,0.677,0.0,13.82,95,0,0.0,0,-0.68,0
0.0,0.286,0.0,12.82,95,1,0.0,0,-0.29,0
0.0,0.26,0.0,12.82,95,2,0.0,0,-0.26,0
0.0,0.258,0.0,12.82,95,3,0.0,0,-0.26,0
0.0,0.255,0.0,13.82,95,4,0.0,0,-0.26,0
0.0,0.283,0.0,13.82,95,5,0.0,0,-0.28,0
0.0,0.752,0.0,14.82,95,6,0.0,0,-0.75,0
0.0,0.28,0.0,15.82,95,7,0.0,1,-0.28,0
0.259,0.0,0.001,15.82,95,8,0.0,1,-0.26,0
0.226,0.0,0.05,15.82,95,9,0.18,1,-0.18,1
0.185,0.0,0.095,14.82,95,10,0.34,1,-0.09,1
0.94,0.0,0.105,14.82,95,11,0.1,1,-0.84,1
1.277,0.0,0.17,13.82,95,12,0.12,1,-1.11,1
1.165,0.0,0.123,13.82,95,13,0.1,1,-1.04,1
1.999,0.0,0.077,13.82,95,14,0.04,1,-1.92,1
2.19,0.0,0.025,13.82,95,15,0.01,1,-2.16,1
1.681,0.0,0.011,14.82,95,16,0.01,1,-1.67,1
0.797,0.0,0.0,13.82,95,17,0.0,1,-0.8,1
0.659,0.0,0.0,13.82,96,18,0.0,1,-0.66,0
0.929,0.0,0.0,13.82,95,19,0.0,0,-0.93,0
0.719,0.0,0.0,12.88,95,20,0.0,0,-0.72,0
0.418,0.0,0.0,13.04,96,21,0.0,0,-0.42,0
0.0,0.384,0.0,12.49,96,22,0.0,0,-0.38,0
0.0,0.395,0.0,12.82,96,23,0.0,0,-0.4,0
0.0,0.719,0.0,12.49,96,0,0.0,0,-0.72,0
0.0,0.342,0.0,11.93,96,1,0.0,0,-0.34,0
0.0,0.262,0.0,12.82,96,2,0.0,0,-0.26,0
0.0,0.256,0.0,11.82,96,3,0.0,0,-0.26,0
0.0,0.254,0.0,11.82,96,4,0.0,0,-0.25,0
0.0,0.253,0.0,11.77,96,5,0.0,0,-0.25,0
0.0,0.255,0.0,11.21,96,6,0.0,0,-0.26,0
0.0,1.127,0.0,11.21,96,7,0.0,1,-1.13,0
0.407,0.0,0.026,10.66,96,8,0.06,1,-0.38,0
0.193,0.0,0.184,10.66,96,9,0.48,1,-0.01,1
0.056,0.0,0.425,11.82,95,10,0.89,1,0.37,1
0.286,0.0,0.38,13.82,94,11,0.57,1,0.09,1
0.0,0.0,0.242,14.82,80,12,1.01,1,0.24,1
0.0,0.0,0.245,14.82,79,13,1.02,1,0.24,1
0.0,0.0,0.322,14.15,74,14,1.01,1,0.32,1
0.066,0.0,0.265,15.26,72,15,0.8,1,0.2,1
0.236,0.0,0.08,14.82,73,16,0.25,1,-0.16,1
0.314,0.0,0.0,13.82,79,17,0.0,1,-0.31,1
1.54,0.0,0.0,12.32,82,18,0.0,1,-1.54,0
2.478,0.0,0.0,11.77,84,19,0.0,0,-2.48,0
0.643,0.0,0.0,11.21,86,20,0.0,0,-0.64,0
1.644,0.0,0.0,10.82,87,21,0.0,0,-1.64,0
0.0,0.674,0.0,11.82,87,22,0.0,0,-0.67,0
0.0,0.532,0.0,10.82,88,23,0.0,0,-0.53,0
0.0,0.346,0.0,10.82,89,0,0.0,0,-0.35,0
0.0,0.341,0.0,10.82,89,1,0.0,0,-0.34,0
0.0,0.292,0.0,10.82,86,2,0.0,0,-0.29,0
0.0,0.28,0.0,11.82,90,3,0.0,0,-0.28,0
0.0,0.268,0.0,10.82,93,4,0.0,0,-0.27,0
0.0,0.286,0.0,10.82,94,5,0.0,0,-0.29,0
0.0,0.254,0.0,10.82,94,6,0.0,0,-0.25,0
0.0,1.36,0.0,11.26,94,7,0.0,1,-1.36,0
0.394,0.0,0.029,11.26,94,8,0.07,1,-0.36,0
0.212,0.0,0.086,11.82,94,9,0.29,1,-0.13,1
0.12,0.0,0.12,12.82,95,10,0.5,1,0.0,1
0.007,0.0,0.23,13.82,95,11,0.96,1,0.22,1
0.006,0.0,0.234,14.82,95,12,0.98,1,0.23,1
0.122,0.0,0.161,14.82,94,13,0.57,1,0.04,1
0.292,0.0,0.082,14.45,94,14,0.22,1,-0.21,1
0.633,0.0,0.115,14.15,94,15,0.15,1,-0.52,1
0.751,0.0,0.029,14.82,95,16,0.04,1,-0.72,1
0.401,0.0,0.0,14.82,94,17,0.0,1,-0.4,1
0.287,0.0,0.0,14.82,94,18,0.0,1,-0.29,0
0.431,0.0,0.0,13.82,94,19,0.0,0,-0.43,0
1.081,0.0,0.0,13.82,94,20,0.0,0,-1.08,0
0.64,0.0,0.0,13.82,92,21,0.0,0,-0.64,0
0.0,0.866,0.0,13.82,91,22,0.0,0,-0.87,0
0.0,0.582,0.0,13.82,91,23,0.0,0,-0.58,0
0.0,0.364,0.0,13.82,92,0,0.0,0,-0.36,0
0.0,0.257,0.0,13.82,93,1,0.0,0,-0.26,0
0.0,0.251,0.0,13.82,95,2,0.0,0,-0.25,0
0.0,0.266,0.0,13.12,95,3,0.0,0,-0.27,0
0.0,0.257,0.0,13.04,95,4,0.0,0,-0.26,0
0.0,0.25,0.0,13.04,93,5,0.0,0,-0.25,0
0.0,0.249,0.0,12.32,94,6,0.0,0,-0.25,0
0.0,0.959,0.0,11.93,95,7,0.0,1,-0.96,0
0.298,0.0,0.089,11.21,95,8,0.23,1,-0.21,0
0.461,0.0,0.347,11.38,95,9,0.43,1,-0.11,1
0.04,0.0,0.342,13.04,95,10,0.9,1,0.3,1
0.0,0.0,0.254,14.15,90,11,1.02,1,0.25,1
0.0,0.0,0.255,15.26,77,12,0.98,1,0.26,1
0.0,0.0,0.252,15.82,71,13,1.01,1,0.25,1
0.0,0.0,0.246,14.82,70,14,0.98,1,0.25,1
0.0,0.0,0.248,15.26,70,15,0.99,1,0.25,1
0.165,0.0,0.074,15.82,69,16,0.31,1,-0.09,1
0.307,0.0,0.0,13.6,73,17,0.0,1,-0.31,1
0.398,0.0,0.0,12.49,80,18,0.0,1,-0.4,0
0.386,0.0,0.0,11.77,83,19,0.0,0,-0.39,0
0.358,0.0,0.0,11.21,87,20,0.0,0,-0.36,0
0.428,0.0,0.0,11.21,89,21,0.0,0,-0.43,0
0.0,0.358,0.0,10.66,90,22,0.0,0,-0.36,0
0.0,0.356,0.0,10.1,89,23,0.0,0,-0.36,0
0.0,0.423,0.0,9.54,91,0,0.0,0,-0.42,0
0.0,0.253,0.0,9.04,91,1,0.0,0,-0.25,0
0.0,0.251,0.0,9.04,92,2,0.0,0,-0.25,0
0.0,0.288,0.0,7.93,92,3,0.0,0,-0.29,0
0.0,0.271,0.0,7.93,92,4,0.0,0,-0.27,0
0.0,0.255,0.0,7.93,92,5,0.0,0,-0.26,0
0.0,0.291,0.0,7.93,94,6,0.0,0,-0.29,0
0.0,1.006,0.0,7.37,94,7,0.0,1,-1.01,0
0.306,0.0,0.06,6.82,93,8,0.16,1,-0.25,0
0.09,0.0,0.188,7.37,93,9,0.67,1,0.1,1
0.055,0.0,0.236,8.48,92,10,0.81,1,0.18,1
0.081,0.0,0.183,10.7,88,11,0.7,1,0.1,1
0.113,0.0,0.168,10.7,85,12,0.6,1,0.06,1
0.101,0.0,0.193,11.26,85,13,0.67,1,0.09,1
0.586,0.0,0.132,12.01,86,14,0.18,1,-0.45,1
0.311,0.0,0.084,11.82,84,15,0.21,1,-0.23,1
0.29,0.0,0.021,11.82,86,16,0.07,1,-0.27,1
0.992,0.0,0.0,11.82,87,17,0.0,1,-0.99,1
0.646,0.0,0.0,11.82,86,18,0.0,1,-0.65,0
0.488,0.0,0.0,11.82,86,19,0.0,0,-0.49,0
0.557,0.0,0.0,11.82,85,20,0.0,0,-0.56,0
0.858,0.0,0.0,10.82,90,21,0.0,0,-0.86,0
0.0,0.43,0.0,10.82,93,22,0.0,0,-0.43,0
0.0,0.336,0.0,10.82,91,23,0.0,0,-0.34,0
0.0,0.258,0.0,10.82,91,0,0.0,0,-0.26,0
0.0,0.311,0.0,10.15,90,1,0.0,0,-0.31,0
0.0,0.286,0.0,10.15,90,2,0.0,0,-0.29,0
0.0,0.303,0.0,10.15,89,3,0.0,0,-0.3,0
0.0,0.316,0.0,10.82,89,4,0.0,0,-0.32,0
0.0,0.285,0.0,10.82,88,5,0.0,0,-0.28,0
0.0,1.568,0.0,10.15,88,6,0.0,0,-1.57,0
0.0,0.874,0.0,10.7,86,7,0.0,1,-0.87,0
0.418,0.0,0.029,10.7,88,8,0.06,1,-0.39,0
0.221,0.0,0.081,11.26,86,9,0.27,1,-0.14,1
0.174,0.0,0.148,11.82,86,10,0.46,1,-0.03,1
0.051,0.0,0.249,13.82,85,11,0.83,1,0.2,1
0.078,0.0,0.23,14.82,83,12,0.74,1,0.15,1
0.0,0.0,0.324,15.01,82,13,1.01,1,0.32,1
0.228,0.0,0.33,15.82,81,14,0.59,1,0.1,1
0.014,0.0,0.324,15.57,81,15,0.95,1,0.31,1
0.284,0.0,0.075,14.82,81,16,0.21,1,-0.21,1
0.352,0.0,0.0,14.15,83,17,0.0,1,-0.35,1
0.481,0.0,0.0,12.93,85,18,0.0,1,-0.48,0
1.284,0.0,0.0,12.37,87,19,0.0,0,-1.28,0
0.919,0.0,0.0,12.82,89,20,0.0,0,-0.92,0
0.517,0.0,0.0,12.82,90,21,0.0,0,-0.52,0
0.0,0.528,0.0,12.82,90,22,0.0,0,-0.53,0
0.0,1.154,0.0,12.37,89,23,0.0,0,-1.15,0
0.0,0.353,0.0,12.82,89,0,0.0,0,-0.35,0
0.0,0.273,0.0,12.82,89,1,0.0,0,-0.27,0
0.0,0.3,0.0,12.82,91,2,0.0,0,-0.3,0
0.0,0.302,0.0,12.01,93,3,0.0,0,-0.3,0
0.0,0.277,0.0,12.01,94,4,0.0,0,-0.28,0
0.0,1.467,0.0,12.57,94,5,0.0,0,-1.47,0
0.0,1.067,0.0,12.82,95,6,0.0,0,-1.07,0
0.0,0.303,0.0,12.01,95,7,0.0,1,-0.3,0
0.674,0.0,0.005,12.37,95,8,0.01,1,-0.67,0
0.225,0.0,0.076,12.82,95,9,0.25,1,-0.15,1
0.984,0.0,0.214,13.12,95,10,0.18,1,-0.77,1
1.013,0.0,0.108,12.93,95,11,0.1,1,-0.9,1
2.596,0.0,0.114,13.48,94,12,0.04,1,-2.48,1
1.002,0.0,0.204,14.79,92,13,0.17,1,-0.8,1
1.299,0.0,0.151,14.79,92,14,0.1,1,-1.15,1
0.568,0.0,0.09,14.23,94,15,0.14,1,-0.48,1
0.739,0.0,0.028,14.23,94,16,0.04,1,-0.71,1
1.199,0.0,0.0,13.82,93,17,0.0,1,-1.2,1
0.579,0.0,0.0,13.6,93,18,0.0,1,-0.58,0
0.567,0.0,0.0,12.93,92,19,0.0,0,-0.57,0
0.435,0.0,0.0,13.68,93,20,0.0,0,-0.44,0
0.449,0.0,0.0,13.04,92,21,0.0,0,-0.45,0
0.0,0.445,0.0,13.12,93,22,0.0,0,-0.44,0
0.0,0.461,0.0,13.82,94,23,0.0,0,-0.46,0
0.0,0.317,0.0,13.82,93,0,0.0,0,-0.32,0
0.0,0.293,0.0,13.6,94,1,0.0,0,-0.29,0
0.0,0.286,0.0,13.04,95,2,0.0,0,-0.29,0
0.0,1.485,0.0,10.9,94,3,0.0,0,-1.48,0
0.0,0.305,0.0,10.82,94,4,0.0,0,-0.3,0
0.0,0.296,0.0,10.1,91,5,0.0,0,-0.3,0
0.0,0.265,0.0,10.1,90,6,0.0,0,-0.26,0
0.0,0.301,0.0,9.54,90,7,0.0,1,-0.3,0
0.188,0.0,0.106,8.04,90,8,0.37,1,-0.08,1
0.0,0.0,0.364,8.99,86,9,1.01,1,0.36,1
0.686,0.0,0.665,10.26,81,10,0.49,1,-0.02,1
0.371,0.0,0.402,10.82,73,11,0.52,1,0.03,1
1.431,0.0,0.674,11.38,68,12,0.32,1,-0.76,1
0.673,0.0,0.506,11.93,63,13,0.43,1,-0.17,1
0.029,0.0,0.29,11.93,67,14,0.91,1,0.26,1
0.754,0.0,0.328,11.93,71,15,0.3,1,-0.43,1
0.405,0.0,0.099,11.38,72,16,0.2,1,-0.31,1
0.713,0.0,0.0,10.82,73,17,0.0,1,-0.71,1
0.672,0.0,0.0,10.82,79,18,0.0,1,-0.67,0
0.754,0.0,0.0,10.82,81,19,0.0,0,-0.75,0
0.822,0.0,0.0,11.82,85,20,0.0,0,-0.82,0
0.653,0.0,0.0,11.82,90,21,0.0,0,-0.65,0
0.0,0.597,0.0,11.82,91,22,0.0,0,-0.6,0
0.0,0.639,0.0,11.82,94,23,0.0,0,-0.64,0
0.0,0.747,0.0,12.82,94,0,0.0,0,-0.75,0
0.0,0.556,0.0,12.82,95,1,0.0,0,-0.56,0
0.0,0.604,0.0,12.82,95,2,0.0,0,-0.6,0
0.0,0.813,0.0,11.82,95,3,0.0,0,-0.81,0
0.0,0.504,0.0,12.82,95,4,0.0,0,-0.5,0
0.0,0.49,0.0,12.82,95,5,0.0,0,-0.49,0
0.0,0.472,0.0,13.82,95,6,0.0,0,-0.47,0
0.0,1.364,0.0,13.82,95,7,0.0,1,-1.36,0
0.369,0.0,0.0,13.82,95,8,0.0,1,-0.37,1
0.271,0.0,0.013,12.82,95,9,0.05,1,-0.26,1
0.243,0.0,0.068,13.82,95,10,0.22,1,-0.18,1
0.251,0.0,0.089,13.82,95,11,0.26,1,-0.16,1
0.687,0.0,0.095,13.82,96,12,0.12,1,-0.59,1
0.222,0.0,0.071,13.82,96,13,0.24,1,-0.15,1
0.228,0.0,0.029,13.82,96,14,0.11,1,-0.2,1
0.306,0.0,0.004,13.82,96,15,0.01,1,-0.3,1
0.283,0.0,0.0,12.82,96,16,0.0,1,-0.28,1
0.504,0.0,0.0,12.82,96,17,0.0,1,-0.5,1
1.494,0.0,0.0,13.82,96,18,0.0,1,-1.49,0
0.637,0.0,0.0,12.82,96,19,0.0,0,-0.64,0
0.465,0.0,0.0,13.82,96,20,0.0,0,-0.46,0
0.48,0.0,0.0,13.82,96,21,0.0,0,-0.48,0
0.0,0.729,0.0,12.82,96,22,0.0,0,-0.73,0
0.0,0.517,0.0,12.82,96,23,0.0,0,-0.52,0
0.0,0.512,0.0,13.82,96,0,0.0,0,-0.51,0
0.0,0.562,0.0,13.82,96,1,0.0,0,-0.56,0
0.0,0.264,0.0,13.82,96,2,0.0,0,-0.26,0
0.0,0.305,0.0,13.82,96,3,0.0,0,-0.3,0
0.0,0.263,0.0,13.82,93,4,0.0,0,-0.26,0
0.0,0.279,0.0,12.82,93,5,0.0,0,-0.28,0
0.0,0.275,0.0,12.82,87,6,0.0,0,-0.28,0
0.0,1.006,0.0,10.82,93,7,0.0,1,-1.01,0
0.461,0.0,0.012,10.82,90,8,0.03,1,-0.45,1
0.222,0.0,0.122,11.82,93,9,0.36,1,-0.1,1
0.284,0.0,0.115,11.82,93,10,0.29,1,-0.17,1
0.276,0.0,0.145,10.82,91,11,0.35,1,-0.13,1
0.139,0.0,0.267,10.82,93,12,0.65,1,0.13,1
0.6,0.0,0.233,10.26,90,13,0.28,1,-0.37,1
0.169,0.0,0.178,10.82,87,14,0.51,1,0.01,1
0.431,0.0,0.093,9.82,90,15,0.18,1,-0.34,1
0.337,0.0,0.058,9.82,91,16,0.14,1,-0.28,1
0.364,0.0,0.002,8.43,92,17,0.01,1,-0.36,1
2.341,0.0,0.0,8.82,89,18,0.0,1,-2.34,0
0.543,0.0,0.0,8.82,91,19,0.0,0,-0.54,0
0.65,0.0,0.0,7.82,91,20,0.0,0,-0.65,0
0.372,0.0,0.0,8.82,92,21,0.0,0,-0.37,0
0.0,0.357,0.0,8.82,92,22,0.0,0,-0.36,0
0.0,0.447,0.0,6.82,93,23,0.0,0,-0.45,0
0.0,0.277,0.0,9.82,92,0,0.0,0,-0.28,0
0.0,0.272,0.0,8.82,93,1,0.0,0,-0.27,0
0.0,0.314,0.0,8.82,93,2,0.0,0,-0.31,0
0.0,0.279,0.0,7.82,93,3,0.0,0,-0.28,0
0.0,0.313,0.0,7.82,93,4,0.0,0,-0.31,0
0.0,0.283,0.0,7.82,93,5,0.0,0,-0.28,0
0.0,0.296,0.0,5.82,92,6,0.0,0,-0.3,0
0.0,0.957,0.0,5.82,90,7,0.0,1,-0.96,0
0.358,0.0,0.088,5.82,90,8,0.2,1,-0.27,1
1.317,0.0,0.363,5.82,92,9,0.22,1,-0.95,1
0.05,0.0,0.331,7.82,89,10,0.87,1,0.28,1
0.047,0.0,0.343,8.82,85,11,0.88,1,0.3,1
0.228,0.0,0.472,8.12,81,12,0.67,1,0.24,1
0.9,0.0,0.543,9.82,76,13,0.38,1,-0.36,1
1.591,0.0,0.41,9.82,81,14,0.2,1,-1.18,1
0.145,0.0,0.212,9.82,88,15,0.59,1,0.07,1
0.314,0.0,0.063,9.82,80,16,0.17,1,-0.25,1
0.41,0.0,0.0,8.04,85,17,0.0,1,-0.41,1
2.845,0.0,0.0,6.93,88,18,0.0,1,-2.84,0
2.037,0.0,0.0,6.82,88,19,0.0,0,-2.04,0
0.498,0.0,0.0,6.77,88,20,0.0,0,-0.5,0
0.404,0.0,0.0,6.21,90,21,0.0,0,-0.4,0
0.0,0.38,0.0,5.82,90,22,0.0,0,-0.38,0
0.0,0.422,0.0,5.82,91,23,0.0,0,-0.42,0
0.0,0.435,0.0,5.1,91,0,0.0,0,-0.44,0
0.0,0.422,0.0,5.1,91,1,0.0,0,-0.42,0
0.0,0.478,0.0,4.54,92,2,0.0,0,-0.48,0
0.0,0.379,0.0,4.82,92,3,0.0,0,-0.38,0
0.0,0.269,0.0,4.82,93,4,0.0,0,-0.27,0
0.0,0.263,0.0,4.82,93,5,0.0,0,-0.26,0
0.0,0.254,0.0,4.82,93,6,0.0,0,-0.25,0
0.0,0.677,0.0,4.82,93,7,0.0,1,-0.68,0
0.301,0.0,0.022,5.34,94,8,0.07,1,-0.28,1
0.649,0.0,0.087,5.9,94,9,0.12,1,-0.56,1
0.164,0.0,0.119,7.57,95,10,0.42,1,-0.05,1
0.14,0.0,0.15,8.82,95,11,0.52,1,0.01,1
0.186,0.0,0.124,11.82,95,12,0.4,1,-0.06,1
0.158,0.0,0.126,11.82,95,13,0.45,1,-0.03,1
0.256,0.0,0.05,12.82,96,14,0.16,1,-0.21,1
0.376,0.0,0.021,11.82,96,15,0.05,1,-0.36,1
0.383,0.0,0.0,12.82,96,16,0.0,1,-0.38,1
0.379,0.0,0.0,12.82,96,17,0.0,1,-0.38,1
1.082,0.0,0.0,12.82,96,18,0.0,1,-1.08,0
2.43,0.0,0.0,12.82,96,19,0.0,0,-2.43,0
1.535,0.0,0.0,12.82,96,20,0.0,0,-1.54,0
0.893,0.0,0.0,12.82,96,21,0.0,0,-0.89,0
0.0,0.603,0.0,12.82,96,22,0.0,0,-0.6,0
0.0,0.567,0.0,13.04,96,23,0.0,0,-0.57,0
0.0,1.579,0.0,13.04,96,0,0.0,0,-1.58,0
0.0,0.517,0.0,13.82,96,1,0.0,0,-0.52,0
0.0,0.378,0.0,13.04,96,2,0.0,0,-0.38,0
0.0,0.329,0.0,13.82,96,3,0.0,0,-0.33,0
0.0,0.328,0.0,13.04,96,4,0.0,0,-0.33,0
0.0,0.319,0.0,13.04,96,5,0.0,0,-0.32,0
0.0,0.325,0.0,12.82,96,6,0.0,0,-0.32,0
0.0,0.617,0.0,12.82,96,7,0.0,1,-0.62,0
0.637,0.0,0.011,12.82,96,8,0.02,1,-0.63,1
1.361,0.0,0.05,12.82,96,9,0.04,1,-1.31,1
1.397,0.0,0.168,13.82,96,10,0.11,1,-1.23,1
0.832,0.0,0.4,13.9,96,11,0.33,1,-0.43,1
0.0,0.0,0.304,14.82,96,12,1.01,1,0.3,1
0.0,0.0,0.256,15.57,96,13,0.98,1,0.26,1
0.2,0.0,0.141,15.34,91,14,0.41,1,-0.06,1
0.197,0.0,0.171,15.34,87,15,0.46,1,-0.03,1
0.218,0.0,0.076,14.79,87,16,0.26,1,-0.14,1
0.277,0.0,0.0,14.04,88,17,0.0,1,-0.28,1
0.422,0.0,0.0,13.82,92,18,0.0,1,-0.42,0
0.606,0.0,0.0,13.82,93,19,0.0,0,-0.61,0
0.426,0.0,0.0,13.12,94,20,0.0,0,-0.43,0
0.431,0.0,0.0,13.82,95,21,0.0,0,-0.43,0
0.0,0.751,0.0,12.93,95,22,0.0,0,-0.75,0
0.0,0.492,0.0,12.93,95,23,0.0,0,-0.49,0
0.0,0.384,0.0,12.93,95,0,0.0,0,-0.38,0
0.0,0.381,0.0,12.82,95,1,0.0,0,-0.38,0
0.0,0.263,0.0,12.82,95,2,0.0,0,-0.26,0
0.0,0.304,0.0,12.82,95,3,0.0,0,-0.3,0
0.0,0.246,0.0,12.57,95,4,0.0,0,-0.25,0
0.0,0.296,0.0,12.57,95,5,0.0,0,-0.3,0
0.0,0.36,0.0,12.37,94,6,0.0,0,-0.36,0
0.0,0.248,0.0,12.37,93,7,0.0,1,-0.25,0
0.267,0.0,0.027,12.01,93,8,0.09,1,-0.24,1
0.139,0.0,0.3,12.37,94,9,0.68,1,0.16,1
0.0,0.0,0.385,13.82,89,10,1.01,1,0.38,1
0.211,0.0,0.508,14.82,82,11,0.71,1,0.3,1
0.636,0.0,0.711,15.82,71,12,0.53,1,0.07,1
0.723,0.0,0.549,15.7,67,13,0.43,1,-0.17,1
0.833,0.0,0.344,15.7,67,14,0.29,1,-0.49,1
0.567,0.0,0.384,15.15,66,15,0.4,1,-0.18,1
0.838,0.0,0.132,15.57,66,16,0.14,1,-0.71,1
0.521,0.0,0.002,15.82,68,17,0.0,1,-0.52,1
0.449,0.0,0.0,13.6,70,18,0.0,1,-0.45,0
0.373,0.0,0.0,12.88,85,19,0.0,0,-0.37,0
0.37,0.0,0.0,12.32,75,20,0.0,0,-0.37,0
0.424,0.0,0.0,11.77,76,21,0.0,0,-0.42,0
0.0,0.39,0.0,11.21,78,22,0.0,0,-0.39,0
0.0,0.473,0.0,11.21,86,23,0.0,0,-0.47,0
0.0,0.336,0.0,10.66,81,0,0.0,0,-0.34,0
0.0,0.386,0.0,10.1,80,1,0.0,0,-0.39,0
0.0,0.343,0.0,9.59,81,2,0.0,0,-0.34,0
0.0,0.329,0.0,9.59,76,3,0.0,0,-0.33,0
0.0,0.287,0.0,9.04,73,4,0.0,0,-0.29,0
0.0,0.264,0.0,8.99,75,5,0.0,0,-0.26,0
0.0,0.308,0.0,8.43,77,6,0.0,0,-0.31,0
0.0,0.664,0.0,7.88,72,7,0.0,1,-0.66,0
0.145,0.0,0.118,7.57,73,8,0.45,1,-0.03,1
0.0,0.0,0.309,7.93,68,9,1.0,1,0.31,1
0.0,0.0,0.284,8.6,66,10,1.01,1,0.28,1
0.0,0.0,0.44,9.82,60,11,1.0,1,0.44,1
0.478,0.0,0.91,10.82,54,12,0.65,1,0.43,1
0.944,0.0,0.887,12.82,51,13,0.48,1,-0.06,1
0.002,0.0,0.504,13.82,49,14,0.99,1,0.5,1
0.0,0.0,0.353,13.82,41,15,1.01,1,0.35,1
1.355,0.0,0.09,12.82,36,16,0.06,1,-1.26,1
0.582,0.0,0.0,11.82,36,17,0.0,1,-0.58,1
1.569,0.0,0.0,10.1,65,18,0.0,1,-1.57,0
1.84,0.0,0.0,9.54,69,19,0.0,0,-1.84,0
0.55,0.0,0.0,8.99,75,20,0.0,0,-0.55,0
0.385,0.0,0.0,8.43,81,21,0.0,0,-0.38,0
0.0,0.342,0.0,8.43,84,22,0.0,0,-0.34,0
0.0,0.465,0.0,7.32,83,23,0.0,0,-0.46,0
0.0,0.455,0.0,6.77,83,0,0.0,0,-0.46,0
0.0,0.305,0.0,6.21,83,1,0.0,0,-0.3,0
0.0,0.348,0.0,5.66,84,2,0.0,0,-0.35,0
0.0,0.332,0.0,5.1,87,3,0.0,0,-0.33,0
0.0,0.285,0.0,5.1,88,4,0.0,0,-0.28,0
0.0,0.301,0.0,5.01,89,5,0.0,0,-0.3,0
0.0,0.275,0.0,3.99,91,6,0.0,0,-0.28,0
0.0,1.683,0.0,4.45,91,7,0.0,1,-1.68,0
0.23,0.0,0.133,3.99,91,8,0.37,1,-0.1,1
0.0,0.0,0.299,6.82,63,9,1.0,1,0.3,1
0.0,0.0,0.294,7.93,57,10,1.01,1,0.29,1
0.0,0.0,0.3,9.59,56,11,1.0,1,0.3,1
0.0,0.0,0.301,10.82,50,12,1.0,1,0.3,1
0.0,0.0,0.37,11.26,42,13,1.0,1,0.37,1
0.0,0.0,0.295,12.82,43,14,0.98,1,0.3,1
0.0,0.0,0.307,12.82,37,15,0.99,1,0.31,1
0.152,0.0,0.136,11.82,36,16,0.47,1,-0.02,1
0.453,0.0,0.001,11.68,41,17,0.0,1,-0.45,1
0.368,0.0,0.0,9.54,51,18,0.0,1,-0.37,0
1.346,0.0,0.0,8.43,63,19,0.0,0,-1.35,0
0.444,0.0,0.0,8.43,65,20,0.0,0,-0.44,0
0.369,0.0,0.0,7.32,68,21,0.0,0,-0.37,0
0.0,0.419,0.0,6.77,65,22,0.0,0,-0.42,0
0.0,0.31,0.0,6.21,67,23,0.0,0,-0.31,0
0.0,0.351,0.0,6.12,69,0,0.0,0,-0.35,0
0.0,0.376,0.0,5.66,71,1,0.0,0,-0.38,0
0.0,0.373,0.0,5.1,76,2,0.0,0,-0.37,0
0.0,0.351,0.0,5.1,78,3,0.0,0,-0.35,0
0.0,0.361,0.0,5.1,81,4,0.0,0,-0.36,0
0.0,0.339,0.0,5.1,81,5,0.0,0,-0.34,0
0.0,0.362,0.0,5.1,82,6,0.0,0,-0.36,0
0.0,1.157,0.0,5.1,83,7,0.0,1,-1.16,0
0.291,0.0,0.171,4.54,84,8,0.37,1,-0.12,1
0.0,0.0,0.305,6.26,61,9,1.02,1,0.3,1
0.0,0.0,0.355,7.93,59,10,0.99,1,0.36,1
0.0,0.0,0.347,9.04,57,11,0.99,1,0.35,1
0.0,0.0,0.358,10.15,52,12,0.99,1,0.36,1
0.0,0.0,0.364,11.26,53,13,1.01,1,0.36,1
0.0,0.0,0.341,11.93,49,14,1.0,1,0.34,1
0.0,0.0,0.356,13.04,49,15,0.99,1,0.36,1
0.185,0.0,0.149,13.6,54,16,0.45,1,-0.04,1
0.534,0.0,0.001,11.68,55,17,0.0,1,-0.53,1
2.337,0.0,0.0,10.01,65,18,0.0,1,-2.34,0
2.198,0.0,0.0,8.9,68,19,0.0,0,-2.2,0
0.647,0.0,0.0,8.9,77,20,0.0,0,-0.65,0
0.516,0.0,0.0,7.79,80,21,0.0,0,-0.52,0
0.0,0.469,0.0,7.23,81,22,0.0,0,-0.47,0
0.0,0.418,0.0,6.68,78,23,0.0,0,-0.42,0
0.0,0.394,0.0,6.12,82,0,0.0,0,-0.39,0
0.0,0.378,0.0,6.68,78,1,0.0,0,-0.38,0
0.0,0.307,0.0,6.68,83,2,0.0,0,-0.31,0
0.0,0.327,0.0,6.12,83,3,0.0,0,-0.33,0
0.0,0.295,0.0,5.66,84,4,0.0,0,-0.3,0
0.0,0.328,0.0,5.66,86,5,0.0,0,-0.33,0
0.0,0.277,0.0,5.1,86,6,0.0,0,-0.28,0
0.0,1.083,0.0,4.54,87,7,0.0,1,-1.08,0
0.273,0.0,0.137,4.54,87,8,0.33,1,-0.14,1
0.0,0.0,0.287,5.82,72,9,0.99,1,0.29,1
0.0,0.0,0.31,6.82,66,10,1.0,1,0.31,1
0.298,0.0,0.613,7.93,62,11,0.67,1,0.32,1
0.405,0.0,0.648,9.59,57,12,0.62,1,0.24,1
0.0,0.0,0.277,10.82,57,13,0.99,1,0.28,1
0.023,0.0,0.581,11.82,52,14,0.97,1,0.56,1
0.155,0.0,0.401,12.01,54,15,0.72,1,0.25,1
0.176,0.0,0.155,13.04,59,16,0.47,1,-0.02,1
0.308,0.0,0.003,11.93,61,17,0.01,1,-0.3,1
0.564,0.0,0.0,9.04,71,18,0.0,1,-0.56,0
0.741,0.0,0.0,8.43,73,19,0.0,0,-0.74,0
1.811,0.0,0.0,7.93,76,20,0.0,0,-1.81,0
0.539,0.0,0.0,7.37,79,21,0.0,0,-0.54,0
0.0,0.401,0.0,6.82,82,22,0.0,0,-0.4,0
0.0,0.424,0.0,6.26,85,23,0.0,0,-0.42,0
0.0,0.407,0.0,6.26,78,0,0.0,0,-0.41,0
0.0,0.394,0.0,5.9,81,1,0.0,0,-0.39,0
0.0,0.311,0.0,5.34,84,2,0.0,0,-0.31,0
0.0,0.305,0.0,5.34,87,3,0.0,0,-0.3,0
0.0,0.326,0.0,5.15,77,4,0.0,0,-0.33,0
0.0,0.287,0.0,5.34,79,5,0.0,0,-0.29,0
0.0,0.309,0.0,6.45,78,6,0.0,0,-0.31,0
0.0,1.236,0.0,7.01,78,7,0.0,1,-1.24,0
0.333,0.0,0.039,6.45,77,8,0.11,1,-0.29,1
0.0,0.0,0.293,7.01,78,9,1.01,1,0.29,1
0.0,0.0,0.295,8.12,76,10,0.98,1,0.3,1
0.0,0.0,0.309,9.82,74,11,1.0,1,0.31,1
0.212,0.0,0.376,10.82,71,12,0.64,1,0.16,1
0.007,0.0,0.29,11.82,80,13,0.97,1,0.28,1
0.392,0.0,0.314,11.82,80,14,0.44,1,-0.08,1
0.056,0.0,0.238,11.82,75,15,0.82,1,0.18,1
0.606,0.0,0.169,11.82,72,16,0.22,1,-0.44,1
1.479,0.0,0.003,11.82,65,17,0.0,1,-1.48,1
1.577,0.0,0.0,9.82,73,18,0.0,1,-1.58,0
1.055,0.0,0.0,9.45,75,19,0.0,0,-1.06,0
0.564,0.0,0.0,8.68,78,20,0.0,0,-0.56,0
0.721,0.0,0.0,7.88,81,21,0.0,0,-0.72,0
0.0,0.595,0.0,8.68,83,22,0.0,0,-0.6,0
0.0,0.507,0.0,8.68,83,23,0.0,0,-0.51,0
0.0,0.524,0.0,8.12,85,0,0.0,0,-0.52,0
0.0,0.556,0.0,8.12,85,1,0.0,0,-0.56,0
0.0,0.57,0.0,8.12,86,2,0.0,0,-0.57,0
0.0,0.421,0.0,5.82,85,3,0.0,0,-0.42,0
0.0,0.308,0.0,8.12,85,4,0.0,0,-0.31,0
0.0,0.29,0.0,7.57,84,5,0.0,0,-0.29,0
0.0,0.305,0.0,8.12,85,6,0.0,0,-0.3,0
0.0,0.893,0.0,7.57,84,7,0.0,1,-0.89,0
0.313,0.0,0.173,7.01,84,8,0.35,1,-0.14,1
0.0,0.0,0.299,7.82,79,9,1.0,1,0.3,1
0.0,0.0,0.303,10.15,64,10,1.01,1,0.3,1
0.0,0.0,0.316,10.82,64,11,0.99,1,0.32,1
0.001,0.0,0.596,11.82,56,12,0.99,1,0.6,1
0.063,0.0,0.474,12.82,55,13,0.88,1,0.41,1
0.046,0.0,0.401,14.15,51,14,0.89,1,0.36,1
0.481,0.0,0.44,14.15,51,15,0.48,1,-0.04,1
0.273,0.0,0.185,12.82,51,16,0.4,1,-0.09,1
0.458,0.0,0.009,12.23,53,17,0.02,1,-0.45,1
0.493,0.0,0.0,10.66,63,18,0.0,1,-0.49,0
0.506,0.0,0.0,9.54,64,19,0.0,0,-0.51,0
0.612,0.0,0.0,9.54,67,20,0.0,0,-0.61,0
0.571,0.0,0.0,8.43,69,21,0.0,0,-0.57,0
0.0,0.578,0.0,7.88,74,22,0.0,0,-0.58,0
0.0,0.494,0.0,7.88,77,23,0.0,0,-0.49,0
0.0,0.595,0.0,6.82,78,0,0.0,0,-0.6,0
0.0,0.37,0.0,6.77,80,1,0.0,0,-0.37,0
0.0,0.316,0.0,6.21,83,2,0.0,0,-0.32,0
0.0,0.315,0.0,5.66,85,3,0.0,0,-0.32,0
0.0,0.3,0.0,5.1,87,4,0.0,0,-0.3,0
0.0,0.318,0.0,5.1,87,5,0.0,0,-0.32,0
0.0,1.018,0.0,4.59,74,6,0.0,0,-1.02,0
0.0,1.364,0.0,4.59,74,7,0.0,1,-1.36,0
0.124,0.0,0.179,4.23,89,8,0.6,1,0.05,1
0.062,0.0,0.444,6.26,68,9,0.87,1,0.38,1
0.11,0.0,0.459,7.37,65,10,0.81,1,0.35,1
0.213,0.0,0.652,9.04,62,11,0.76,1,0.44,1
0.0,0.0,0.315,10.7,55,12,0.98,1,0.32,1
0.0,0.0,0.305,12.37,51,13,1.02,1,0.3,1
0.758,0.0,0.408,13.04,51,14,0.35,1,-0.35,1
1.328,0.0,0.544,13.6,53,15,0.29,1,-0.78,1
0.478,0.0,0.182,14.15,54,16,0.28,1,-0.3,1
0.553,0.0,0.002,11.82,57,17,0.0,1,-0.55,1
0.902,0.0,0.0,10.1,62,18,0.0,1,-0.9,0
2.183,0.0,0.0,9.54,66,19,0.0,0,-2.18,0
1.155,0.0,0.0,8.99,67,20,0.0,0,-1.16,0
0.71,0.0,0.0,8.82,67,21,0.0,0,-0.71,0
0.0,1.683,0.0,7.88,73,22,0.0,0,-1.68,0
0.0,0.916,0.0,6.68,75,23,0.0,0,-0.92,0
0.0,0.557,0.0,7.23,76,0,0.0,0,-0.56,0
0.0,0.41,0.0,7.23,78,1,0.0,0,-0.41,0
0.0,0.325,0.0,6.12,79,2,0.0,0,-0.32,0
0.0,0.331,0.0,5.57,80,3,0.0,0,-0.33,0
0.0,0.366,0.0,5.57,81,4,0.0,0,-0.37,0
0.0,0.321,0.0,4.45,83,5,0.0,0,-0.32,0
0.0,0.306,0.0,4.45,83,6,0.0,0,-0.31,0
0.0,1.177,0.0,3.9,84,7,0.0,1,-1.18,0
0.222,0.0,0.176,4.04,71,8,0.44,1,-0.05,1
0.13,0.0,0.437,5.7,65,9,0.77,1,0.31,1
0.657,0.0,0.749,6.93,64,10,0.53,1,0.09,1
0.022,0.0,0.606,8.6,59,11,0.96,1,0.58,1
0.794,0.0,0.995,10.26,56,12,0.56,1,0.2,1
0.0,0.0,0.587,11.38,52,13,0.99,1,0.59,1
0.615,0.0,0.448,11.82,52,14,0.42,1,-0.17,1
0.469,0.0,0.505,12.49,50,15,0.52,1,0.04,1
3.381,0.0,0.192,13.04,48,16,0.05,1,-3.19,1
1.893,0.0,0.002,11.82,48,17,0.0,1,-1.89,1
0.659,0.0,0.0,10.01,53,18,0.0,1,-0.66,0
0.568,0.0,0.0,8.9,57,19,0.0,0,-0.57,0
1.097,0.0,0.0,8.34,67,20,0.0,0,-1.1,0
1.375,0.0,0.0,8.34,76,21,0.0,0,-1.38,0
0.0,1.643,0.0,7.23,84,22,0.0,0,-1.64,0
0.0,1.656,0.0,6.68,87,23,0.0,0,-1.66,0
0.0,0.557,0.0,6.21,87,0,0.0,0,-0.56,0
0.0,0.446,0.0,5.57,86,1,0.0,0,-0.45,0
0.0,0.305,0.0,5.82,84,2,0.0,0,-0.3,0
0.0,0.29,0.0,5.82,84,3,0.0,0,-0.29,0
0.0,0.313,0.0,5.01,82,4,0.0,0,-0.31,0
0.0,0.288,0.0,4.82,82,5,0.0,0,-0.29,0
0.0,0.313,0.0,4.54,82,6,0.0,0,-0.31,0
0.0,2.207,0.0,4.54,83,7,0.0,1,-2.21,0
0.321,0.0,0.191,4.54,82,8,0.37,1,-0.13,1
0.0,0.0,0.362,5.7,66,9,1.01,1,0.36,1
0.407,0.0,0.446,6.82,62,10,0.52,1,0.04,1
1.307,0.0,0.833,8.82,60,11,0.39,1,-0.47,1
0.1,0.0,0.476,9.82,54,12,0.82,1,0.38,1
0.0,0.0,0.302,11.82,53,13,1.01,1,0.3,1
0.302,0.0,0.602,11.93,52,14,0.67,1,0.3,1
0.0,0.0,0.371,13.6,49,15,1.0,1,0.37,1
0.168,0.0,0.191,12.82,48,16,0.53,1,0.02,1
0.275,0.0,0.005,12.23,50,17,0.02,1,-0.27,1
0.698,0.0,0.0,10.57,50,18,0.0,1,-0.7,0
1.087,0.0,0.0,8.43,61,19,0.0,0,-1.09,0
0.468,0.0,0.0,8.9,76,20,0.0,0,-0.47,0
0.443,0.0,0.0,7.32,82,21,0.0,0,-0.44,0
0.0,0.496,0.0,7.23,86,22,0.0,0,-0.5,0
0.0,0.579,0.0,6.68,89,23,0.0,0,-0.58,0
0.0,0.573,0.0,5.66,90,0,0.0,0,-0.57,0
0.0,0.504,0.0,5.57,89,1,0.0,0,-0.5,0
0.0,0.317,0.0,5.01,88,2,0.0,0,-0.32,0
0.0,0.322,0.0,3.99,89,3,0.0,0,-0.32,0
0.0,0.297,0.0,4.45,90,4,0.0,0,-0.3,0
0.0,0.3,0.0,4.45,92,5,0.0,0,-0.3,0
0.0,0.302,0.0,4.45,91,6,0.0,0,-0.3,0
0.0,0.84,0.0,3.34,91,7,0.0,1,-0.84,0
0.174,0.0,0.184,3.9,90,8,0.51,1,0.01,1
0.0,0.0,0.28,5.01,87,9,1.0,1,0.28,1
0.0,0.0,0.283,9.59,58,10,1.01,1,0.28,1
0.617,0.0,0.849,11.26,58,11,0.58,1,0.23,1
0.0,0.0,0.379,11.82,59,12,1.0,1,0.38,1
0.0,0.0,0.295,13.12,54,13,0.98,1,0.3,1
0.488,0.0,0.504,14.23,45,14,0.51,1,0.02,1
0.949,0.0,0.531,14.71,43,15,0.36,1,-0.42,1
0.9,0.0,0.188,15.26,45,16,0.17,1,-0.71,1
0.279,0.0,0.007,13.12,48,17,0.02,1,-0.27,1
0.627,0.0,0.0,10.01,66,18,0.0,1,-0.63,0
2.782,0.0,0.0,8.99,71,19,0.0,0,-2.78,0
0.716,0.0,0.0,8.68,81,20,0.0,0,-0.72,0
0.642,0.0,0.0,8.34,83,21,0.0,0,-0.64,0
0.0,1.635,0.0,7.23,87,22,0.0,0,-1.64,0
0.0,1.706,0.0,6.68,90,23,0.0,0,-1.71,0
0.0,1.65,0.0,6.12,89,0,0.0,0,-1.65,0
0.0,0.585,0.0,5.66,87,1,0.0,0,-0.58,0
0.0,0.394,0.0,6.68,87,2,0.0,0,-0.39,0
0.0,0.325,0.0,7.23,89,3,0.0,0,-0.32,0
0.0,0.289,0.0,7.23,90,4,0.0,0,-0.29,0
0.0,0.299,0.0,7.23,91,5,0.0,0,-0.3,0
0.0,1.803,0.0,7.23,91,6,0.0,0,-1.8,0
0.0,1.476,0.0,7.23,90,7,0.0,1,-1.48,0
0.195,0.0,0.191,7.23,90,8,0.49,1,-0.0,1
0.0,0.0,0.29,7.82,88,9,1.0,1,0.29,1
0.0,0.0,0.308,10.7,62,10,0.99,1,0.31,1
0.0,0.0,0.286,11.82,61,11,0.99,1,0.29,1
0.121,0.0,0.536,12.93,58,12,0.81,1,0.42,1
0.0,0.0,0.308,13.82,56,13,0.99,1,0.31,1
0.284,0.0,0.514,14.82,55,14,0.64,1,0.23,1
0.0,0.0,0.409,15.9,52,15,1.0,1,0.41,1
0.712,0.0,0.209,15.34,50,16,0.23,1,-0.5,1
0.359,0.0,0.003,14.23,52,17,0.01,1,-0.36,1
1.622,0.0,0.0,11.21,61,18,0.0,1,-1.62,0
1.159,0.0,0.0,10.57,71,19,0.0,0,-1.16,0
0.703,0.0,0.0,10.57,80,20,0.0,0,-0.7,0
0.823,0.0,0.0,10.01,84,21,0.0,0,-0.82,0
0.0,0.642,0.0,8.99,87,22,0.0,0,-0.64,0
0.0,0.633,0.0,8.9,87,23,0.0,0,-0.63,0
0.0,0.623,0.0,8.34,86,0,0.0,0,-0.62,0
0.0,0.635,0.0,8.9,85,1,0.0,0,-0.64,0
0.0,0.612,0.0,8.9,85,2,0.0,0,-0.61,0
0.0,0.444,0.0,8.34,85,3,0.0,0,-0.44,0
0.0,0.338,0.0,7.88,85,4,0.0,0,-0.34,0
0.0,0.341,0.0,7.32,86,5,0.0,0,-0.34,0
0.0,0.355,0.0,7.32,87,6,0.0,0,-0.36,0
0.0,1.339,0.0,7.32,87,7,0.0,1,-1.34,0
0.268,0.0,0.203,7.23,85,8,0.43,1,-0.06,1
0.135,0.0,0.426,7.82,80,9,0.76,1,0.29,1
0.272,0.0,0.554,10.7,57,10,0.67,1,0.28,1
0.0,0.0,0.338,11.82,55,11,0.99,1,0.34,1
0.229,0.0,0.531,13.12,52,12,0.7,1,0.3,1
0.0,0.0,0.33,14.82,50,13,1.0,1,0.33,1
0.132,0.0,0.462,15.9,45,14,0.78,1,0.33,1
0.0,0.0,0.414,16.45,43,15,1.01,1,0.41,1
0.175,0.0,0.201,16.38,45,16,0.53,1,0.03,1
0.368,0.0,0.007,15.15,48,17,0.02,1,-0.36,1
1.621,0.0,0.0,13.34,52,18,0.0,1,-1.62,0
1.397,0.0,0.0,11.21,66,19,0.0,0,-1.4,0
1.272,0.0,0.0,11.12,77,20,0.0,0,-1.27,0
1.972,0.0,0.0,11.12,82,21,0.0,0,-1.97,0
0.0,1.831,0.0,10.01,86,22,0.0,0,-1.83,0
0.0,1.76,0.0,9.45,87,23,0.0,0,-1.76,0
0.0,1.801,0.0,9.45,85,0,0.0,0,-1.8,0
0.0,1.416,0.0,8.9,83,1,0.0,0,-1.42,0
0.0,0.612,0.0,8.9,84,2,0.0,0,-0.61,0
0.0,0.86,0.0,8.34,88,3,0.0,0,-0.86,0
0.0,0.337,0.0,8.34,87,4,0.0,0,-0.34,0
0.0,0.309,0.0,7.79,86,5,0.0,0,-0.31,0
0.0,0.285,0.0,6.82,87,6,0.0,0,-0.28,0
0.0,0.812,0.0,6.82,88,7,0.0,1,-0.81,0
1.09,0.0,0.217,6.68,88,8,0.17,1,-0.87,1
0.0,0.0,0.358,8.34,81,9,0.99,1,0.36,1
0.0,0.0,0.377,10.82,69,10,0.99,1,0.38,1
0.089,0.0,0.551,15.15,46,11,0.86,1,0.46,1
0.0,0.0,0.337,16.82,41,12,0.99,1,0.34,1
0.0,0.0,0.314,17.82,51,13,1.01,1,0.31,1
0.0,0.0,0.313,18.12,49,14,1.01,1,0.31,1
0.0,0.0,0.324,18.68,43,15,1.01,1,0.32,1
1.065,0.0,0.182,17.57,41,16,0.15,1,-0.88,1
2.764,0.0,0.008,16.26,50,17,0.0,1,-2.76,1
1.273,0.0,0.0,13.34,57,18,0.0,1,-1.27,0
0.57,0.0,0.0,12.23,66,19,0.0,0,-0.57,0
1.068,0.0,0.0,11.68,78,20,0.0,0,-1.07,0
0.853,0.0,0.0,10.66,80,21,0.0,0,-0.85,0
0.0,0.666,0.0,10.01,84,22,0.0,0,-0.67,0
0.0,0.6,0.0,8.99,86,23,0.0,0,-0.6,0
0.0,0.506,0.0,7.88,86,0,0.0,0,-0.51,0
0.0,0.473,0.0,7.32,85,1,0.0,0,-0.47,0
0.0,0.309,0.0,6.77,86,2,0.0,0,-0.31,0
0.0,0.375,0.0,6.21,86,3,0.0,0,-0.38,0
0.0,0.32,0.0,6.68,85,4,0.0,0,-0.32,0
0.0,0.29,0.0,6.68,86,5,0.0,0,-0.29,0
0.0,0.294,0.0,8.34,86,6,0.0,0,-0.29,0
0.0,0.306,0.0,6.12,87,7,0.0,1,-0.31,0
0.094,0.0,0.201,6.68,87,8,0.67,1,0.11,1
0.531,0.0,0.51,8.9,81,9,0.49,1,-0.02,1
0.0,0.0,0.362,10.01,74,10,1.01,1,0.36,1
0.2,0.0,0.733,14.59,47,11,0.79,1,0.53,1
0.38,0.0,0.867,16.26,43,12,0.69,1,0.49,1
0.014,0.0,0.456,19.23,39,13,0.97,1,0.44,1
0.917,0.0,0.691,20.34,34,14,0.43,1,-0.23,1
0.0,0.0,0.361,20.26,38,15,1.0,1,0.36,1
0.157,0.0,0.204,19.23,45,16,0.57,1,0.05,1
1.409,0.0,0.009,17.37,47,17,0.01,1,-1.4,1
0.669,0.0,0.0,14.45,59,18,0.0,1,-0.67,0
0.628,0.0,0.0,12.32,68,19,0.0,0,-0.63,0
0.519,0.0,0.0,13.12,77,20,0.0,0,-0.52,0
0.45,0.0,0.0,11.12,79,21,0.0,0,-0.45,0
0.0,0.539,0.0,10.57,82,22,0.0,0,-0.54,0
0.0,0.814,0.0,11.12,84,23,0.0,0,-0.81,0
0.0,0.493,0.0,8.43,82,0,0.0,0,-0.49,0
0.0,0.368,0.0,9.45,80,1,0.0,0,-0.37,0
0.0,0.3,0.0,8.34,81,2,0.0,0,-0.3,0
0.0,0.314,0.0,10.01,84,3,0.0,0,-0.31,0
0.0,0.297,0.0,10.57,84,4,0.0,0,-0.3,0
0.0,0.311,0.0,6.82,84,5,0.0,0,-0.31,0
0.0,0.3,0.0,8.82,82,6,0.0,0,-0.3,0
0.0,0.306,0.0,7.82,80,7,0.0,1,-0.31,0
0.119,0.0,0.211,7.88,79,8,0.64,1,0.09,1
0.0,0.0,0.296,10.82,71,9,0.99,1,0.3,1
0.0,0.0,0.318,12.93,39,10,0.99,1,0.32,1
0.986,0.0,0.962,13.82,41,11,0.49,1,-0.02,1
1.31,0.0,0.981,14.82,39,12,0.43,1,-0.33,1
0.0,0.0,0.655,15.82,35,13,0.99,1,0.66,1
0.92,0.0,0.793,17.57,32,14,0.46,1,-0.13,1
2.255,0.0,0.567,18.12,35,15,0.2,1,-1.69,1
0.378,0.0,0.238,17.82,36,16,0.38,1,-0.14,1
0.405,0.0,0.006,16.82,41,17,0.01,1,-0.4,1
1.083,0.0,0.0,14.82,54,18,0.0,1,-1.08,0
1.091,0.0,0.0,13.82,56,19,0.0,0,-1.09,0
1.165,0.0,0.0,13.34,61,20,0.0,0,-1.16,0
0.55,0.0,0.0,12.32,62,21,0.0,0,-0.55,0
0.0,0.447,0.0,12.32,64,22,0.0,0,-0.45,0
0.0,1.177,0.0,11.77,67,23,0.0,0,-1.18,0
0.0,1.818,0.0,11.21,68,0,0.0,0,-1.82,0
0.0,1.639,0.0,9.82,70,1,0.0,0,-1.64,0
0.0,1.479,0.0,10.66,70,2,0.0,0,-1.48,0
0.0,0.362,0.0,9.82,69,3,0.0,0,-0.36,0
0.0,0.348,0.0,9.82,67,4,0.0,0,-0.35,0
0.0,0.348,0.0,9.82,66,5,0.0,0,-0.35,0
0.0,0.352,0.0,9.82,63,6,0.0,0,-0.35,0
0.0,1.538,0.0,9.82,65,7,0.0,1,-1.54,0
0.272,0.0,0.236,8.99,69,8,0.46,1,-0.04,1
0.0,0.0,0.334,9.82,70,9,1.01,1,0.33,1
0.0,0.0,0.301,12.23,62,10,1.0,1,0.3,1
0.0,0.0,0.272,13.82,56,11,1.01,1,0.27,1
0.0,0.0,0.31,16.45,25,12,1.0,1,0.31,1
0.0,0.0,0.286,17.57,26,13,0.99,1,0.29,1
0.453,0.0,0.447,18.68,23,14,0.5,1,-0.01,1
0.087,0.0,0.429,18.68,25,15,0.82,1,0.34,1
0.178,0.0,0.231,17.57,31,16,0.56,1,0.05,1
0.372,0.0,0.009,15.9,35,17,0.02,1,-0.36,1
1.32,0.0,0.0,14.82,51,18,0.0,1,-1.32,0
0.875,0.0,0.0,13.82,48,19,0.0,0,-0.88,0
0.444,0.0,0.0,12.82,48,20,0.0,0,-0.44,0
0.552,0.0,0.0,12.32,49,21,0.0,0,-0.55,0
0.0,0.628,0.0,11.77,46,22,0.0,0,-0.63,0
0.0,0.705,0.0,11.82,47,23,0.0,0,-0.7,0
0.0,1.195,0.0,10.82,48,0,0.0,0,-1.2,0
0.0,1.352,0.0,9.45,50,1,0.0,0,-1.35,0
0.0,0.3,0.0,8.9,52,2,0.0,0,-0.3,0
0.0,0.317,0.0,9.54,59,3,0.0,0,-0.32,0
0.0,0.297,0.0,8.99,63,4,0.0,0,-0.3,0
0.0,0.308,0.0,8.43,65,5,0.0,0,-0.31,0
0.0,0.303,0.0,8.43,66,6,0.0,0,-0.3,0
0.0,0.848,0.0,7.88,70,7,0.0,1,-0.85,0
0.305,0.0,0.223,7.88,70,8,0.42,1,-0.08,1
0.0,0.0,0.292,8.82,60,9,1.01,1,0.29,1
0.0,0.0,0.318,9.59,55,10,0.99,1,0.32,1
0.0,0.0,0.297,11.82,52,11,0.99,1,0.3,1
0.357,0.0,0.664,13.82,46,12,0.65,1,0.31,1
0.0,0.0,0.311,14.82,44,13,1.0,1,0.31,1
0.299,0.0,0.506,15.82,39,14,0.63,1,0.21,1
0.0,0.0,0.416,16.38,38,15,0.99,1,0.42,1
0.174,0.0,0.233,15.26,38,16,0.57,1,0.06,1
0.431,0.0,0.01,14.15,37,17,0.02,1,-0.42,1
0.583,0.0,0.0,12.32,52,18,0.0,1,-0.58,0
1.16,0.0,0.0,11.21,52,19,0.0,0,-1.16,0
0.818,0.0,0.0,10.66,58,20,0.0,0,-0.82,0
1.258,0.0,0.0,10.1,71,21,0.0,0,-1.26,0
0.0,1.824,0.0,9.54,72,22,0.0,0,-1.82,0
0.0,1.823,0.0,9.54,66,23,0.0,0,-1.82,0
0.0,1.82,0.0,9.45,65,0,0.0,0,-1.82,0
0.0,1.778,0.0,10.72,61,1,0.0,0,-1.78,0
0.0,1.02,0.0,9.82,60,2,0.0,0,-1.02,0
0.0,0.478,0.0,9.82,72,3,0.0,0,-0.48,0
0.0,0.297,0.0,9.82,78,4,0.0,0,-0.3,0
0.0,0.336,0.0,8.82,73,5,0.0,0,-0.34,0
0.0,0.336,0.0,8.82,69,6,0.0,0,-0.34,0
0.0,1.141,0.0,8.43,69,7,0.0,1,-1.14,0
0.372,0.0,0.024,8.82,68,8,0.06,1,-0.35,1
0.106,0.0,0.156,9.23,66,9,0.6,1,0.05,1
0.006,0.0,0.268,10.82,64,10,0.99,1,0.26,1
0.035,0.0,0.483,12.01,60,11,0.93,1,0.45,1
0.743,0.0,0.704,13.12,58,12,0.49,1,-0.04,1
0.0,0.0,0.31,14.71,55,13,1.0,1,0.31,1
0.351,0.0,0.436,15.82,51,14,0.55,1,0.09,1
0.072,0.0,0.396,16.38,49,15,0.84,1,0.32,1
1.219,0.0,0.258,15.82,50,16,0.17,1,-0.96,1
2.186,0.0,0.006,15.82,50,17,0.0,1,-2.18,1
1.252,0.0,0.0,13.34,54,18,0.0,1,-1.25,0
0.79,0.0,0.0,13.82,59,19,0.0,0,-0.79,0
0.435,0.0,0.0,12.82,63,20,0.0,0,-0.44,0
0.338,0.0,0.0,11.77,64,21,0.0,0,-0.34,0
0.0,0.68,0.0,11.82,58,22,0.0,0,-0.68,0
0.0,0.587,0.0,11.82,60,23,0.0,0,-0.59,0
0.0,0.471,0.0,11.12,62,0,0.0,0,-0.47,0
0.0,0.371,0.0,10.57,64,1,0.0,0,-0.37,0
0.0,0.356,0.0,10.1,68,2,0.0,0,-0.36,0
0.0,0.316,0.0,10.1,71,3,0.0,0,-0.32,0
0.0,0.286,0.0,9.54,73,4,0.0,0,-0.29,0
0.0,0.282,0.0,8.99,74,5,0.0,0,-0.28,0
0.0,0.31,0.0,8.9,73,6,0.0,0,-0.31,0
0.0,0.729,0.0,8.82,73,7,0.0,1,-0.73,0
0.181,0.0,0.227,8.9,74,8,0.55,1,0.05,1
0.0,0.0,0.298,10.57,70,9,0.99,1,0.3,1
0.401,0.0,0.764,12.82,57,10,0.66,1,0.36,1
0.52,0.0,0.673,13.82,55,11,0.57,1,0.15,1
0.0,0.0,0.299,14.82,54,12,1.0,1,0.3,1
0.0,0.0,0.305,15.82,49,13,1.02,1,0.3,1
0.0,0.0,0.423,16.82,45,14,1.01,1,0.42,1
0.0,0.0,0.343,16.82,41,15,1.01,1,0.34,1
0.211,0.0,0.265,16.82,42,16,0.55,1,0.05,1
1.353,0.0,0.01,16.82,44,17,0.01,1,-1.34,1
2.506,0.0,0.0,14.82,47,18,0.0,1,-2.51,0
2.948,0.0,0.0,13.82,49,19,0.0,0,-2.95,0
0.984,0.0,0.0,12.82,51,20,0.0,0,-0.98,0
1.513,0.0,0.0,11.77,52,21,0.0,0,-1.51,0
0.0,1.141,0.0,11.21,51,22,0.0,0,-1.14,0
0.0,1.703,0.0,10.82,52,23,0.0,0,-1.7,0
0.0,0.84,0.0,10.66,53,0,0.0,0,-0.84,0
0.0,0.538,0.0,10.1,54,1,0.0,0,-0.54,0
0.0,0.501,0.0,10.1,53,2,0.0,0,-0.5,0
0.0,0.494,0.0,9.54,58,3,0.0,0,-0.49,0
0.0,0.357,0.0,9.82,60,4,0.0,0,-0.36,0
0.0,0.304,0.0,9.82,60,5,0.0,0,-0.3,0
0.0,0.307,0.0,8.82,63,6,0.0,0,-0.31,0
0.0,1.109,0.0,8.43,64,7,0.0,1,-1.11,0
0.233,0.0,0.224,8.82,65,8,0.49,1,-0.01,1
0.0,0.0,0.305,8.82,57,9,1.02,1,0.3,1
0.386,0.0,0.687,10.82,54,10,0.64,1,0.3,1
0.249,0.0,0.533,12.82,51,11,0.68,1,0.28,1
0.287,0.0,0.623,13.82,46,12,0.68,1,0.34,1
0.0,0.0,0.287,14.82,43,13,0.99,1,0.29,1
0.0,0.0,0.32,15.82,41,14,1.0,1,0.32,1
0.0,0.0,0.33,15.82,37,15,1.0,1,0.33,1
0.086,0.0,0.249,15.82,42,16,0.73,1,0.16,1
0.305,0.0,0.013,14.82,43,17,0.04,1,-0.29,1
0.564,0.0,0.0,13.82,51,18,0.0,1,-0.56,0
1.442,0.0,0.0,12.32,53,19,0.0,0,-1.44,0
0.318,0.0,0.0,11.77,55,20,0.0,0,-0.32,0
0.36,0.0,0.0,11.21,58,21,0.0,0,-0.36,0
0.0,0.512,0.0,10.66,55,22,0.0,0,-0.51,0
0.0,0.509,0.0,10.1,55,23,0.0,0,-0.51,0
0.0,0.482,0.0,10.1,57,0,0.0,0,-0.48,0
0.0,0.504,0.0,9.54,60,1,0.0,0,-0.5,0
0.0,0.375,0.0,8.82,64,2,0.0,0,-0.38,0
0.0,0.341,0.0,8.99,69,3,0.0,0,-0.34,0
0.0,0.325,0.0,8.82,70,4,0.0,0,-0.32,0
0.0,0.329,0.0,7.88,71,5,0.0,0,-0.33,0
0.0,0.301,0.0,7.88,73,6,0.0,0,-0.3,0
0.0,1.081,0.0,7.88,72,7,0.0,1,-1.08,0
0.162,0.0,0.228,7.82,70,8,0.58,1,0.07,1
0.0,0.0,0.298,8.82,57,9,0.99,1,0.3,1
0.0,0.0,0.31,10.9,56,10,1.0,1,0.31,1
0.719,0.0,0.849,13.12,52,11,0.54,1,0.13,1
0.073,0.0,0.857,14.23,49,12,0.92,1,0.78,1
0.338,0.0,0.9,13.82,44,13,0.73,1,0.56,1
0.159,0.0,0.644,14.82,38,14,0.8,1,0.48,1
0.01,0.0,0.496,15.82,38,15,0.97,1,0.49,1
0.434,0.0,0.242,15.26,38,16,0.36,1,-0.19,1
0.596,0.0,0.004,13.82,38,17,0.01,1,-0.59,1
0.566,0.0,0.0,12.82,48,18,0.0,1,-0.57,1
0.977,0.0,0.0,11.21,51,19,0.0,0,-0.98,0
0.393,0.0,0.0,10.66,56,20,0.0,0,-0.39,0
0.465,0.0,0.0,10.82,60,21,0.0,0,-0.46,0
0.0,1.345,0.0,10.1,56,22,0.0,0,-1.34,0
0.0,0.496,0.0,10.01,58,23,0.0,0,-0.5,0
0.0,0.599,0.0,9.45,59,0,0.0,0,-0.6,0
0.0,0.494,0.0,8.9,62,1,0.0,0,-0.49,0
0.0,0.352,0.0,9.82,62,2,0.0,0,-0.35,0
0.0,0.36,0.0,10.82,61,3,0.0,0,-0.36,0
0.0,0.338,0.0,10.82,59,4,0.0,0,-0.34,0
0.0,0.605,0.0,10.82,59,5,0.0,0,-0.6,0
0.0,1.04,0.0,10.82,60,6,0.0,0,-1.04,0
0.0,0.391,0.002,10.82,61,7,0.01,1,-0.39,0
0.087,0.0,0.248,10.82,62,8,0.73,1,0.16,1
0.017,0.0,0.436,10.82,60,9,0.97,1,0.42,1
0.625,0.0,0.791,11.82,56,10,0.56,1,0.17,1
0.03,0.0,0.695,13.82,55,11,0.97,1,0.66,1
0.386,0.0,0.718,14.82,50,12,0.65,1,0.33,1
0.077,0.0,0.337,15.82,49,13,0.82,1,0.26,1
0.0,0.0,0.294,16.82,47,14,1.01,1,0.29,1
0.44,0.0,0.206,16.82,47,15,0.32,1,-0.23,1
1.742,0.0,0.08,15.82,46,16,0.04,1,-1.66,1
1.619,0.0,0.014,15.82,48,17,0.01,1,-1.6,1
0.578,0.0,0.0,14.82,50,18,0.0,1,-0.58,1
1.861,0.0,0.0,14.82,52,19,0.0,0,-1.86,0
1.039,0.0,0.0,12.82,54,20,0.0,0,-1.04,0
0.537,0.0,0.0,13.82,57,21,0.0,0,-0.54,0
0.0,1.115,0.0,12.82,54,22,0.0,0,-1.12,0
0.0,2.7,0.0,12.82,56,23,0.0,0,-2.7,0
0.0,2.029,0.0,11.82,57,0,0.0,0,-2.03,0
0.0,0.431,0.0,12.23,58,1,0.0,0,-0.43,0
0.0,0.383,0.0,12.82,58,2,0.0,0,-0.38,0
0.0,0.34,0.0,11.82,61,3,0.0,0,-0.34,0
0.0,0.328,0.0,11.82,63,4,0.0,0,-0.33,0
0.0,0.313,0.0,11.82,62,5,0.0,0,-0.31,0
0.0,0.315,0.0,11.82,63,6,0.0,0,-0.32,0
0.0,1.475,0.0,12.82,62,7,0.0,1,-1.48,0
0.506,0.0,0.066,11.82,65,8,0.12,1,-0.44,1
0.122,0.0,0.185,12.82,66,9,0.6,1,0.06,1
0.03,0.0,0.272,14.82,57,10,0.91,1,0.24,1
0.0,0.0,0.296,15.82,54,11,0.99,1,0.3,1
0.0,0.0,0.315,16.82,52,12,0.98,1,0.32,1
0.0,0.0,0.292,17.82,50,13,1.01,1,0.29,1
0.0,0.0,0.3,18.04,50,14,1.0,1,0.3,1
0.0,0.0,0.399,19.15,49,15,1.0,1,0.4,1
0.126,0.0,0.27,18.34,49,16,0.68,1,0.14,1
0.376,0.0,0.025,18.04,49,17,0.06,1,-0.35,1
1.585,0.0,0.0,15.66,65,18,0.0,1,-1.58,1
2.533,0.0,0.0,14.54,64,19,0.0,0,-2.53,0
1.498,0.0,0.0,13.99,66,20,0.0,0,-1.5,0
1.158,0.0,0.0,13.82,67,21,0.0,0,-1.16,0
0.0,1.171,0.0,13.43,73,22,0.0,0,-1.17,0
0.0,0.907,0.0,12.88,75,23,0.0,0,-0.91,0
0.0,0.549,0.0,12.23,76,0,0.0,0,-0.55,0
0.0,0.374,0.0,11.82,74,1,0.0,0,-0.37,0
0.0,0.325,0.0,11.82,71,2,0.0,0,-0.32,0
0.0,0.312,0.0,11.82,71,3,0.0,0,-0.31,0
0.0,0.315,0.0,11.82,71,4,0.0,0,-0.32,0
0.0,0.312,0.0,11.82,71,5,0.0,0,-0.31,0
0.0,0.298,0.0,11.82,72,6,0.0,0,-0.3,0
0.0,1.017,0.0,11.82,71,7,0.0,1,-1.02,0
0.143,0.0,0.181,11.82,70,8,0.57,1,0.04,1
0.906,0.0,0.411,12.82,69,9,0.31,1,-0.5,1
0.0,0.0,0.284,14.59,54,10,1.01,1,0.28,1
0.0,0.0,0.298,16.45,52,11,0.99,1,0.3,1
0.0,0.0,0.284,17.01,51,12,1.01,1,0.28,1
0.0,0.0,0.29,17.49,48,13,1.0,1,0.29,1
0.178,0.0,0.474,18.82,46,14,0.73,1,0.3,1
0.0,0.0,0.277,18.9,46,15,0.99,1,0.28,1
0.129,0.0,0.171,18.6,48,16,0.57,1,0.04,1
0.295,0.0,0.024,18.04,48,17,0.08,1,-0.27,1
0.54,0.0,0.0,16.12,57,18,0.0,1,-0.54,1
0.808,0.0,0.0,15.01,62,19,0.0,0,-0.81,0
0.735,0.0,0.0,15.01,63,20,0.0,0,-0.74,0
0.837,0.0,0.0,13.99,61,21,0.0,0,-0.84,0
0.0,0.566,0.0,14.82,58,22,0.0,0,-0.57,0
0.0,0.616,0.0,13.82,61,23,0.0,0,-0.62,0
0.0,0.605,0.0,13.82,63,0,0.0,0,-0.6,0
0.0,0.512,0.0,13.82,66,1,0.0,0,-0.51,0
0.0,0.433,0.0,12.88,69,2,0.0,0,-0.43,0
0.0,0.416,0.0,12.88,72,3,0.0,0,-0.42,0
0.0,0.267,0.0,12.32,73,4,0.0,0,-0.27,0
0.0,0.263,0.0,11.77,74,5,0.0,0,-0.26,0
0.0,0.309,0.0,11.82,72,6,0.0,0,-0.31,0
0.0,1.326,0.007,11.82,72,7,0.01,1,-1.32,0
0.429,0.0,0.214,11.82,72,8,0.33,1,-0.22,1
0.0,0.0,0.245,12.82,70,9,1.02,1,0.24,1
0.0,0.0,0.329,15.15,55,10,1.0,1,0.33,1
0.325,0.0,0.782,16.82,52,11,0.7,1,0.46,1
0.507,0.0,0.803,18.82,50,12,0.61,1,0.3,1
0.0,0.0,0.312,19.82,47,13,1.01,1,0.31,1
0.268,0.0,0.697,19.82,44,14,0.73,1,0.43,1
0.0,0.0,0.36,20.26,42,15,1.0,1,0.36,1
0.157,0.0,0.25,20.26,45,16,0.61,1,0.09,1
0.39,0.0,0.029,18.68,48,17,0.07,1,-0.36,1
0.564,0.0,0.0,16.21,56,18,0.0,1,-0.56,1
0.456,0.0,0.0,15.1,63,19,0.0,0,-0.46,0
0.59,0.0,0.0,14.54,66,20,0.0,0,-0.59,0
0.583,0.0,0.0,13.99,75,21,0.0,0,-0.58,0
0.0,0.612,0.0,13.99,80,22,0.0,0,-0.61,0
0.0,0.624,0.0,13.43,84,23,0.0,0,-0.62,0
0.0,0.572,0.0,12.37,73,0,0.0,0,-0.57,0
0.0,0.498,0.0,12.37,73,1,0.0,0,-0.5,0
0.0,0.32,0.0,11.21,90,2,0.0,0,-0.32,0
0.0,0.267,0.0,10.66,92,3,0.0,0,-0.27,0
0.0,0.314,0.0,10.1,91,4,0.0,0,-0.31,0
0.0,0.243,0.0,10.1,91,5,0.0,0,-0.24,0
0.0,0.271,0.0,10.01,90,6,0.0,0,-0.27,0
0.0,0.767,0.004,9.54,91,7,0.01,1,-0.76,0
0.124,0.0,0.194,8.99,89,8,0.61,1,0.07,1
0.0,0.0,0.234,10.82,86,9,1.02,1,0.23,1
0.474,0.0,0.494,16.82,54,10,0.51,1,0.02,1
0.0,0.0,0.257,17.93,51,11,0.99,1,0.26,1
0.0,0.0,0.254,19.04,43,12,1.02,1,0.25,1
0.0,0.0,0.255,19.71,40,13,0.98,1,0.26,1
0.0,0.0,0.249,20.7,40,14,1.0,1,0.25,1
0.0,0.0,0.247,20.82,44,15,0.99,1,0.25,1
0.091,0.0,0.222,21.38,45,16,0.72,1,0.13,1
0.251,0.0,0.031,19.59,49,17,0.11,1,-0.22,1
0.849,0.0,0.0,16.68,58,18,0.0,1,-0.85,1
1.41,0.0,0.0,15.57,65,19,0.0,0,-1.41,0
1.102,0.0,0.0,14.54,77,20,0.0,0,-1.1,0
0.536,0.0,0.0,15.01,80,21,0.0,0,-0.54,0
0.0,2.162,0.0,14.45,84,22,0.0,0,-2.16,0
0.0,0.711,0.0,13.9,87,23,0.0,0,-0.71,0
0.0,1.039,0.0,13.34,86,0,0.0,0,-1.04,0
0.0,0.419,0.0,13.9,86,1,0.0,0,-0.42,0
0.0,0.446,0.0,12.79,85,2,0.0,0,-0.45,0
0.0,0.408,0.0,11.68,85,3,0.0,0,-0.41,0
0.0,0.264,0.0,12.23,85,4,0.0,0,-0.26,0
0.0,0.256,0.0,11.12,85,5,0.0,0,-0.26,0
0.0,0.256,0.0,11.68,84,6,0.0,0,-0.26,0
0.0,1.149,0.006,11.82,83,7,0.01,1,-1.14,0
0.078,0.0,0.235,12.82,80,8,0.76,1,0.16,1
0.0,0.0,0.247,13.82,72,9,0.99,1,0.25,1
0.0,0.0,0.254,16.26,43,10,1.02,1,0.25,1
0.0,0.0,0.256,17.93,39,11,0.98,1,0.26,1
0.0,0.0,0.26,19.79,38,12,1.0,1,0.26,1
0.0,0.0,0.336,21.38,35,13,0.99,1,0.34,1
0.434,0.0,0.612,21.82,31,14,0.58,1,0.18,1
0.108,0.0,0.545,22.01,30,15,0.84,1,0.44,1
0.071,0.0,0.306,21.12,26,16,0.81,1,0.24,1
0.233,0.0,0.026,20.01,54,17,0.1,1,-0.21,1
0.345,0.0,0.0,17.88,36,18,0.0,1,-0.34,1
0.403,0.0,0.0,17.32,37,19,0.0,0,-0.4,0
0.429,0.0,0.0,16.21,56,20,0.0,0,-0.43,0
0.538,0.0,0.0,15.66,58,21,0.0,0,-0.54,0
0.0,0.579,0.0,14.54,65,22,0.0,0,-0.58,0
0.0,0.568,0.0,14.54,63,23,0.0,0,-0.57,0
0.0,0.529,0.0,13.43,61,0,0.0,0,-0.53,0
0.0,0.476,0.0,12.32,62,1,0.0,0,-0.48,0
0.0,0.421,0.0,13.34,66,2,0.0,0,-0.42,0
0.0,0.275,0.0,12.82,67,3,0.0,0,-0.28,0
0.0,0.268,0.0,13.82,67,4,0.0,0,-0.27,0
0.0,0.265,0.0,12.23,66,5,0.0,0,-0.26,0
0.0,1.387,0.0,12.82,64,6,0.0,0,-1.39,0
0.0,0.481,0.005,12.23,65,7,0.01,1,-0.48,0
0.016,0.0,0.238,11.82,64,8,0.95,1,0.22,1
0.0,0.0,0.26,13.82,60,9,1.0,1,0.26,1
0.222,0.0,0.564,16.82,36,10,0.71,1,0.34,1
1.301,0.0,0.954,17.93,38,11,0.42,1,-0.35,1
2.131,0.0,0.995,20.34,36,12,0.32,1,-1.14,1
0.004,0.0,0.584,20.34,37,13,0.99,1,0.58,1
0.86,0.0,0.448,20.82,38,14,0.34,1,-0.41,1
0.024,0.0,0.282,20.34,40,15,0.91,1,0.26,1
0.237,0.0,0.18,20.34,42,16,0.43,1,-0.06,1
0.843,0.0,0.02,19.79,44,17,0.02,1,-0.82,1
0.883,0.0,0.0,15.66,49,18,0.0,1,-0.88,1
0.514,0.0,0.0,15.1,55,19,0.0,0,-0.51,0
0.643,0.0,0.0,15.1,66,20,0.0,0,-0.64,0
0.601,0.0,0.0,14.54,70,21,0.0,0,-0.6,0
0.0,0.586,0.0,14.79,70,22,0.0,0,-0.59,0
0.0,0.582,0.0,15.15,55,23,0.0,0,-0.58,0
0.0,1.6,0.0,13.68,79,0,0.0,0,-1.6,0
0.0,0.541,0.0,13.34,82,1,0.0,0,-0.54,0
0.0,0.344,0.0,12.79,80,2,0.0,0,-0.34,0
0.0,0.357,0.0,12.23,80,3,0.0,0,-0.36,0
0.0,0.3,0.0,12.23,75,4,0.0,0,-0.3,0
0.0,0.332,0.0,11.68,74,5,0.0,0,-0.33,0
0.0,0.328,0.0,12.23,74,6,0.0,0,-0.33,0
0.0,0.348,0.011,12.23,72,7,0.03,1,-0.34,0
0.103,0.0,0.211,13.34,70,8,0.68,1,0.11,1
0.19,0.0,0.282,13.9,70,9,0.6,1,0.09,1
0.0,0.0,0.331,15.82,62,10,1.0,1,0.33,1
0.224,0.0,0.514,17.01,55,11,0.69,1,0.29,1
1.068,0.0,0.976,18.68,53,12,0.48,1,-0.09,1
0.297,0.0,0.54,21.45,52,13,0.64,1,0.24,1
0.423,0.0,0.498,22.01,52,14,0.54,1,0.08,1
0.781,0.0,0.249,21.45,51,15,0.24,1,-0.53,1
0.146,0.0,0.235,20.9,51,16,0.62,1,0.09,1
0.245,0.0,0.062,20.82,56,17,0.2,1,-0.18,1
0.472,0.0,0.0,18.9,60,18,0.0,1,-0.47,1
0.968,0.0,0.0,16.77,63,19,0.0,0,-0.97,0
0.705,0.0,0.0,16.12,69,20,0.0,0,-0.7,0
0.573,0.0,0.0,16.12,72,21,0.0,0,-0.57,0
0.0,0.484,0.0,16.12,76,22,0.0,0,-0.48,0
0.0,0.524,0.0,16.12,77,23,0.0,0,-0.52,0
0.0,0.52,0.0,15.57,76,0,0.0,0,-0.52,0
0.0,0.443,0.0,15.01,76,1,0.0,0,-0.44,0
0.0,0.274,0.0,14.45,75,2,0.0,0,-0.27,0
0.0,0.312,0.0,15.57,77,3,0.0,0,-0.31,0
0.0,0.256,0.0,15.01,76,4,0.0,0,-0.26,0
0.0,0.244,0.0,15.01,76,5,0.0,0,-0.24,0
0.0,0.25,0.0,14.72,74,6,0.0,0,-0.25,0
0.0,1.045,0.0,15.72,74,7,0.0,1,-1.04,0
0.484,0.0,0.046,14.72,72,8,0.09,1,-0.44,1
0.134,0.0,0.123,15.01,70,9,0.47,1,-0.01,1
0.027,0.0,0.242,16.82,50,10,0.9,1,0.22,1
0.109,0.0,0.286,17.72,50,11,0.73,1,0.18,1
0.993,0.0,0.475,19.72,49,12,0.32,1,-0.52,1
0.0,0.0,0.243,19.79,46,13,1.01,1,0.24,1
0.01,0.0,0.228,20.7,44,14,0.95,1,0.22,1
0.073,0.0,0.166,20.9,46,15,0.69,1,0.09,1
0.18,0.0,0.064,20.15,50,16,0.27,1,-0.12,1
0.254,0.0,0.004,18.68,52,17,0.02,1,-0.25,1
0.333,0.0,0.0,17.37,54,18,0.0,1,-0.33,1
0.42,0.0,0.0,16.82,57,19,0.0,0,-0.42,0
0.534,0.0,0.0,15.7,67,20,0.0,0,-0.53,0
0.601,0.0,0.0,15.1,74,21,0.0,0,-0.6,0
0.0,0.594,0.0,14.54,76,22,0.0,0,-0.59,0
0.0,0.561,0.0,13.99,85,23,0.0,0,-0.56,0
0.0,0.569,0.0,13.99,84,0,0.0,0,-0.57,0
0.0,0.561,0.0,13.72,86,1,0.0,0,-0.56,0
0.0,0.509,0.0,13.72,83,2,0.0,0,-0.51,0
0.0,0.494,0.0,13.43,91,3,0.0,0,-0.49,0
0.0,0.491,0.0,12.88,91,4,0.0,0,-0.49,0
0.0,0.422,0.0,12.88,81,5,0.0,0,-0.42,0
0.0,0.264,0.0,12.88,82,6,0.0,0,-0.26,0
0.0,0.262,0.003,12.37,80,7,0.01,1,-0.26,0
0.21,0.0,0.052,12.37,81,8,0.2,1,-0.16,1
0.183,0.0,0.158,12.93,82,9,0.46,1,-0.02,1
0.212,0.0,0.196,14.59,75,10,0.48,1,-0.02,1
0.01,0.0,0.361,15.15,76,11,0.98,1,0.35,1
0.617,0.0,0.345,15.34,77,12,0.36,1,-0.27,1
0.536,0.0,0.085,16.45,78,13,0.14,1,-0.45,1
0.308,0.0,0.227,16.93,79,14,0.42,1,-0.08,1
0.354,0.0,0.209,15.1,89,15,0.37,1,-0.14,1
0.422,0.0,0.064,14.54,89,16,0.13,1,-0.36,1
0.464,0.0,0.013,15.26,89,17,0.03,1,-0.45,1
0.533,0.0,0.0,13.72,89,18,0.0,1,-0.53,1
2.77,0.0,0.0,13.43,89,19,0.0,0,-2.77,0
1.482,0.0,0.0,12.72,90,20,0.0,0,-1.48,0
0.715,0.0,0.0,12.72,91,21,0.0,0,-0.72,0
0.0,0.56,0.0,12.01,92,22,0.0,0,-0.56,0
0.0,0.738,0.0,12.88,92,23,0.0,0,-0.74,0
0.0,0.427,0.0,12.88,92,0,0.0,0,-0.43,0
0.0,0.236,0.0,12.32,93,1,0.0,0,-0.24,0
0.0,0.385,0.0,12.32,93,2,0.0,0,-0.38,0
0.0,0.32,0.0,12.32,93,3,0.0,0,-0.32,0
0.0,0.242,0.0,12.01,93,4,0.0,0,-0.24,0
0.0,0.247,0.0,12.01,94,5,0.0,0,-0.25,0
0.0,0.254,0.0,12.01,94,6,0.0,0,-0.25,0
0.0,0.573,0.0,12.01,94,7,0.0,1,-0.57,0
0.696,0.0,0.048,12.01,94,8,0.06,1,-0.65,1
0.168,0.0,0.235,12.01,94,9,0.59,1,0.07,1
0.546,0.0,0.783,12.79,94,10,0.59,1,0.24,1
0.208,0.0,0.518,12.88,94,11,0.71,1,0.31,1
0.0,0.0,0.403,13.72,86,12,1.01,1,0.4,1
0.172,0.0,0.302,14.72,82,13,0.64,1,0.13,1
0.03,0.0,0.344,14.15,82,14,0.93,1,0.31,1
0.177,0.0,0.243,14.71,85,15,0.58,1,0.07,1
0.258,0.0,0.191,13.9,89,16,0.42,1,-0.07,1
0.241,0.0,0.039,13.6,91,17,0.14,1,-0.2,1
1.128,0.0,0.0,13.04,90,18,0.0,1,-1.13,1
0.518,0.0,0.0,11.77,88,19,0.0,0,-0.52,0
1.229,0.0,0.0,11.21,88,20,0.0,0,-1.23,0
1.321,0.0,0.0,10.66,88,21,0.0,0,-1.32,0
0.0,0.6,0.0,8.9,88,22,0.0,0,-0.6,0
0.0,0.583,0.0,8.12,88,23,0.0,0,-0.58,0
0.0,0.522,0.0,8.12,86,0,0.0,0,-0.52,0
0.0,0.447,0.0,8.43,85,1,0.0,0,-0.45,0
0.0,0.251,0.0,8.12,85,2,0.0,0,-0.25,0
0.0,0.244,0.0,8.12,85,3,0.0,0,-0.24,0
0.0,0.243,0.0,8.12,86,4,0.0,0,-0.24,0
0.0,0.238,0.0,6.21,83,5,0.0,0,-0.24,0
0.0,0.24,0.0,6.21,84,6,0.0,0,-0.24,0
0.0,0.223,0.017,5.9,84,7,0.07,1,-0.21,0
0.895,0.0,0.325,5.9,81,8,0.27,1,-0.57,1
0.0,0.0,0.268,6.93,76,9,0.99,1,0.27,1
0.0,0.0,0.273,8.6,73,10,1.01,1,0.27,1
0.571,0.0,0.564,10.26,66,11,0.5,1,-0.01,1
0.788,0.0,0.397,10.82,64,12,0.34,1,-0.39,1
0.048,0.0,0.383,11.38,58,13,0.89,1,0.34,1
0.0,0.0,0.432,11.93,60,14,1.0,1,0.43,1
0.0,0.0,0.391,11.93,56,15,1.0,1,0.39,1
0.15,0.0,0.307,11.38,55,16,0.67,1,0.16,1
0.332,0.0,0.061,11.38,58,17,0.16,1,-0.27,1
1.297,0.0,0.0,9.71,62,18,0.0,1,-1.3,1
1.62,0.0,0.0,8.43,62,19,0.0,0,-1.62,0
0.972,0.0,0.0,7.88,69,20,0.0,0,-0.97,0
0.715,0.0,0.0,7.32,69,21,0.0,0,-0.72,0
0.0,0.79,0.0,7.32,78,22,0.0,0,-0.79,0
0.0,0.652,0.0,6.77,81,23,0.0,0,-0.65,0
0.0,0.65,0.0,6.77,83,0,0.0,0,-0.65,0
0.0,1.161,0.0,6.21,85,1,0.0,0,-1.16,0
0.0,0.442,0.0,5.66,87,2,0.0,0,-0.44,0
0.0,0.269,0.0,5.1,86,3,0.0,0,-0.27,0
0.0,0.26,0.0,4.54,87,4,0.0,0,-0.26,0
0.0,0.307,0.0,3.99,88,5,0.0,0,-0.31,0
0.0,0.306,0.0,4.04,86,6,0.0,0,-0.31,0
0.0,0.633,0.021,3.43,76,7,0.03,1,-0.61,0
0.048,0.0,0.309,4.59,81,8,0.86,1,0.26,1
0.0,0.0,0.326,5.7,76,9,0.99,1,0.33,1
0.343,0.0,0.733,7.93,71,10,0.68,1,0.39,1
0.015,0.0,0.809,9.04,70,11,0.99,1,0.79,1
0.116,0.0,0.589,10.15,62,12,0.84,1,0.47,1
0.0,0.0,0.272,11.93,60,13,1.01,1,0.27,1
0.0,0.0,0.292,12.01,55,14,1.01,1,0.29,1
0.081,0.0,0.457,12.49,54,15,0.85,1,0.38,1
0.082,0.0,0.326,12.49,55,16,0.8,1,0.24,1
0.308,0.0,0.048,11.38,60,17,0.13,1,-0.26,1
0.448,0.0,0.0,10.01,63,18,0.0,1,-0.45,1
1.336,0.0,0.0,8.43,63,19,0.0,0,-1.34,0
0.756,0.0,0.0,7.88,74,20,0.0,0,-0.76,0
0.723,0.0,0.0,7.32,78,21,0.0,0,-0.72,0
0.0,0.696,0.0,7.32,78,22,0.0,0,-0.7,0
0.0,1.797,0.0,6.77,80,23,0.0,0,-1.8,0
0.0,2.527,0.0,6.21,81,0,0.0,0,-2.53,0
0.0,2.478,0.0,5.66,82,1,0.0,0,-2.48,0
0.0,2.468,0.0,5.9,84,2,0.0,0,-2.47,0
0.0,0.851,0.0,5.9,85,3,0.0,0,-0.85,0
0.0,0.31,0.0,5.34,84,4,0.0,0,-0.31,0
0.0,0.318,0.0,5.15,83,5,0.0,0,-0.32,0
0.0,0.327,0.0,5.15,84,6,0.0,0,-0.33,0
0.0,0.319,0.0,4.72,86,7,0.0,1,-0.32,0
0.29,0.0,0.022,4.72,88,8,0.07,1,-0.27,1
0.255,0.0,0.083,4.72,90,9,0.24,1,-0.17,1
0.139,0.0,0.178,5.72,91,10,0.56,1,0.04,1
0.889,0.0,0.208,6.72,91,11,0.19,1,-0.68,1
0.469,0.0,0.176,7.23,90,12,0.27,1,-0.29,1
0.355,0.0,0.205,9.72,88,13,0.37,1,-0.15,1
0.185,0.0,0.139,9.72,88,14,0.43,1,-0.05,1
0.238,0.0,0.071,9.72,90,15,0.23,1,-0.17,1
0.386,0.0,0.035,8.6,89,16,0.08,1,-0.35,1
0.537,0.0,0.0,8.72,90,17,0.0,1,-0.54,1
0.894,0.0,0.0,8.48,91,18,0.0,1,-0.89,1
0.882,0.0,0.0,7.93,91,19,0.0,0,-0.88,0
1.791,0.0,0.0,7.88,91,20,0.0,0,-1.79,0
1.124,0.0,0.0,7.32,89,21,0.0,0,-1.12,0
0.0,0.579,0.0,6.82,89,22,0.0,0,-0.58,0
0.0,0.569,0.0,6.82,87,23,0.0,0,-0.57,0
0.0,0.516,0.0,7.37,86,0,0.0,0,-0.52,0
0.0,0.609,0.0,6.82,85,1,0.0,0,-0.61,0
0.0,0.548,0.0,6.82,84,2,0.0,0,-0.55,0
0.0,0.717,0.0,6.82,84,3,0.0,0,-0.72,0
0.0,0.545,0.0,5.1,85,4,0.0,0,-0.55,0
0.0,0.806,0.0,8.68,84,5,0.0,0,-0.81,0
0.0,0.324,0.0,8.68,84,6,0.0,0,-0.32,0
0.0,0.287,0.032,8.68,84,7,0.1,1,-0.26,0
0.045,0.0,0.282,6.82,80,8,0.85,1,0.24,1
0.0,0.0,0.332,8.48,76,9,1.01,1,0.33,1
0.0,0.0,0.333,10.7,72,10,1.01,1,0.33,1
0.261,0.0,0.656,11.82,70,11,0.71,1,0.4,1
1.123,0.0,1.07,12.37,68,12,0.49,1,-0.05,1
0.09,0.0,0.675,13.9,63,13,0.89,1,0.59,1
0.093,0.0,0.722,15.26,56,14,0.88,1,0.63,1
0.0,0.0,0.52,15.82,57,15,1.0,1,0.52,1
0.207,0.0,0.374,15.82,55,16,0.64,1,0.17,1
0.507,0.0,0.051,15.82,63,17,0.09,1,-0.46,1
2.191,0.0,0.0,12.79,66,18,0.0,1,-2.19,1
2.146,0.0,0.0,10.66,66,19,0.0,0,-2.15,0
0.962,0.0,0.0,9.72,81,20,0.0,0,-0.96,0
0.557,0.0,0.0,8.9,81,21,0.0,0,-0.56,0
0.0,0.45,0.0,8.9,81,22,0.0,0,-0.45,0
0.0,0.574,0.0,7.23,81,23,0.0,0,-0.57,0
0.0,0.586,0.0,6.68,81,0,0.0,0,-0.59,0
0.0,0.569,0.0,6.68,81,1,0.0,0,-0.57,0
0.0,0.521,0.0,7.79,80,2,0.0,0,-0.52,0
0.0,0.416,0.0,6.12,80,3,0.0,0,-0.42,0
0.0,0.29,0.0,6.12,80,4,0.0,0,-0.29,0
0.0,0.281,0.0,6.72,72,5,0.0,0,-0.28,0
0.0,0.298,0.0,6.12,72,6,0.0,0,-0.3,0
0.0,1.3,0.04,5.72,72,7,0.03,1,-1.26,0
0.042,0.0,0.307,6.12,51,8,0.88,1,0.26,1
0.0,0.0,0.288,7.72,60,9,0.99,1,0.29,1
0.0,0.0,0.306,10.66,58,10,0.99,1,0.31,1
0.219,0.0,0.498,10.72,52,11,0.69,1,0.28,1
0.564,0.0,0.915,11.72,47,12,0.62,1,0.35,1
0.231,0.0,0.496,11.93,45,13,0.68,1,0.26,1
0.0,0.0,0.306,12.93,45,14,0.99,1,0.31,1
0.0,0.0,0.285,13.6,46,15,1.02,1,0.28,1
0.019,0.0,0.267,14.71,46,16,0.92,1,0.25,1
0.244,0.0,0.054,12.93,51,17,0.18,1,-0.19,1
0.541,0.0,0.0,11.26,62,18,0.0,1,-0.54,1
0.655,0.0,0.0,10.66,66,19,0.0,0,-0.66,0
0.468,0.0,0.0,10.66,72,20,0.0,0,-0.47,0
0.48,0.0,0.0,7.23,72,21,0.0,0,-0.48,0
0.0,0.553,0.0,6.68,72,22,0.0,0,-0.55,0
0.0,0.52,0.0,6.12,75,23,0.0,0,-0.52,0
0.0,0.628,0.0,6.12,75,0,0.0,0,-0.63,0
0.0,0.489,0.0,6.68,75,1,0.0,0,-0.49,0
0.0,0.312,0.0,6.12,50,2,0.0,0,-0.31,0
0.0,0.32,0.0,5.57,50,3,0.0,0,-0.32,0
0.0,0.306,0.0,5.01,50,4,0.0,0,-0.31,0
0.0,0.304,0.0,5.01,50,5,0.0,0,-0.3,0
0.0,0.464,0.0,4.45,50,6,0.0,0,-0.46,0
0.0,1.093,0.046,4.45,50,7,0.04,1,-1.05,0
0.074,0.0,0.321,4.59,55,8,0.8,1,0.25,1
0.437,0.0,0.548,6.26,53,9,0.55,1,0.11,1
0.0,0.0,0.366,8.04,52,10,0.99,1,0.37,1
0.0,0.0,0.29,9.15,50,11,1.0,1,0.29,1
0.0,0.0,0.305,10.66,44,12,1.02,1,0.3,1
0.0,0.0,0.301,11.12,43,13,1.0,1,0.3,1
0.0,0.0,0.288,13.04,43,14,0.99,1,0.29,1
0.0,0.0,0.298,13.6,39,15,0.99,1,0.3,1
0.009,0.0,0.268,12.37,39,16,0.96,1,0.26,1
0.226,0.0,0.06,13.6,40,17,0.21,1,-0.17,1
0.567,0.0,0.0,11.72,45,18,0.0,1,-0.57,1
0.529,0.0,0.0,9.54,36,19,0.0,0,-0.53,0
0.921,0.0,0.0,9.54,42,20,0.0,0,-0.92,0
1.635,0.0,0.0,8.43,42,21,0.0,0,-1.64,0
0.0,0.66,0.0,7.88,42,22,0.0,0,-0.66,0
0.0,0.573,0.0,7.32,48,23,0.0,0,-0.57,0
0.0,0.527,0.0,6.77,48,0,0.0,0,-0.53,0
0.0,0.572,0.0,6.21,48,1,0.0,0,-0.57,0
0.0,0.309,0.0,6.21,54,2,0.0,0,-0.31,0
0.0,0.308,0.0,5.66,54,3,0.0,0,-0.31,0
0.0,0.285,0.0,5.66,54,4,0.0,0,-0.28,0
0.0,0.302,0.0,5.1,61,5,0.0,0,-0.3,0
0.0,0.297,0.0,5.1,61,6,0.0,0,-0.3,0
0.0,0.901,0.05,4.54,61,7,0.05,1,-0.85,0
0.862,0.0,0.347,4.45,50,8,0.29,1,-0.52,1
0.0,0.0,0.289,6.26,62,9,1.0,1,0.29,1
0.0,0.0,0.306,7.93,54,10,0.99,1,0.31,1
0.0,0.0,0.401,9.71,49,11,1.0,1,0.4,1
0.491,0.0,0.712,10.34,49,12,0.59,1,0.22,1
0.0,0.0,0.31,11.93,45,13,1.0,1,0.31,1
0.0,0.0,0.283,12.49,42,14,1.01,1,0.28,1
0.0,0.0,0.289,14.15,42,15,1.0,1,0.29,1
0.112,0.0,0.221,14.15,44,16,0.67,1,0.11,1
0.244,0.0,0.104,13.04,53,17,0.3,1,-0.14,1
0.401,0.0,0.001,10.82,62,18,0.0,1,-0.4,1
1.437,0.0,0.0,8.99,57,19,0.0,0,-1.44,0
0.778,0.0,0.0,8.43,75,20,0.0,0,-0.78,0
0.69,0.0,0.0,7.88,75,21,0.0,0,-0.69,0
0.0,0.589,0.0,7.32,75,22,0.0,0,-0.59,0
0.0,0.439,0.0,6.77,79,23,0.0,0,-0.44,0
0.0,0.492,0.0,6.77,79,0,0.0,0,-0.49,0
0.0,0.481,0.0,6.21,79,1,0.0,0,-0.48,0
0.0,0.334,0.0,5.66,77,2,0.0,0,-0.33,0
0.0,0.285,0.0,5.1,77,3,0.0,0,-0.28,0
0.0,0.294,0.0,4.54,77,4,0.0,0,-0.29,0
0.0,0.295,0.0,3.99,76,5,0.0,0,-0.3,0
0.0,0.289,0.0,3.99,76,6,0.0,0,-0.29,0
0.0,1.303,0.065,3.43,76,7,0.05,1,-1.24,0
0.901,0.0,0.378,5.7,65,8,0.3,1,-0.52,1
0.21,0.0,0.438,7.93,59,9,0.67,1,0.23,1
0.282,0.0,0.65,10.15,54,10,0.7,1,0.37,1
0.0,0.0,0.439,11.26,50,11,1.0,1,0.44,1
0.0,0.0,0.31,12.72,45,12,1.0,1,0.31,1
0.0,0.0,0.303,13.6,44,13,1.01,1,0.3,1
0.0,0.0,0.295,15.26,40,14,0.98,1,0.3,1
0.0,0.0,0.305,15.26,38,15,1.02,1,0.3,1
0.007,0.0,0.265,15.82,34,16,0.98,1,0.26,1
0.223,0.0,0.065,14.23,36,17,0.22,1,-0.16,1
1.064,0.0,0.0,12.37,57,18,0.0,1,-1.06,1
2.155,0.0,0.0,9.59,67,19,0.0,0,-2.15,0
0.72,0.0,0.0,8.99,66,20,0.0,0,-0.72,0
1.813,0.0,0.0,8.43,73,21,0.0,0,-1.81,0
0.0,2.472,0.0,7.93,74,22,0.0,0,-2.47,0
0.0,0.857,0.0,7.37,76,23,0.0,0,-0.86,0
0.0,0.557,0.0,6.82,77,0,0.0,0,-0.56,0
0.0,0.487,0.0,7.37,76,1,0.0,0,-0.49,0
0.0,0.379,0.0,7.37,75,2,0.0,0,-0.38,0
0.0,0.348,0.0,6.82,75,3,0.0,0,-0.35,0
0.0,0.298,0.0,6.82,70,4,0.0,0,-0.3,0
0.0,0.294,0.0,6.26,73,5,0.0,0,-0.29,0
0.0,0.302,0.0,4.79,66,6,0.0,0,-0.3,0
0.0,1.119,0.048,7.31,66,7,0.04,1,-1.07,0
0.092,0.0,0.326,3.72,53,8,0.78,1,0.23,1
0.0,0.0,0.281,9.59,66,9,1.0,1,0.28,1
0.274,0.0,0.644,11.26,59,10,0.7,1,0.37,1
0.609,0.0,0.861,11.82,62,11,0.59,1,0.25,1
0.503,0.0,0.895,14.23,56,12,0.64,1,0.39,1
0.0,0.0,0.297,15.34,48,13,0.99,1,0.3,1
0.26,0.0,0.526,16.93,43,14,0.67,1,0.27,1
0.139,0.0,0.416,16.93,42,15,0.76,1,0.28,1
0.096,0.0,0.304,15.9,48,16,0.76,1,0.21,1
0.326,0.0,0.07,14.15,56,17,0.18,1,-0.26,1
0.431,0.0,0.0,11.82,57,18,0.0,1,-0.43,1
1.144,0.0,0.0,10.1,53,19,0.0,0,-1.14,0
0.747,0.0,0.0,9.79,64,20,0.0,0,-0.75,0
1.34,0.0,0.0,8.99,64,21,0.0,0,-1.34,0
0.0,1.657,0.0,8.99,64,22,0.0,0,-1.66,0
0.0,0.577,0.0,8.43,66,23,0.0,0,-0.58,0
0.0,0.677,0.0,7.93,73,0,0.0,0,-0.68,0
0.0,0.42,0.0,7.32,66,1,0.0,0,-0.42,0
0.0,0.343,0.0,6.77,66,2,0.0,0,-0.34,0
0.0,0.364,0.0,6.21,66,3,0.0,0,-0.36,0
0.0,0.332,0.0,5.9,66,4,0.0,0,-0.33,0
0.0,0.397,0.0,7.23,63,5,0.0,0,-0.4,0
0.0,0.34,0.0,8.72,63,6,0.0,0,-0.34,0
0.0,1.427,0.073,7.79,63,7,0.05,1,-1.35,0
0.139,0.0,0.335,8.9,49,8,0.71,1,0.2,1
0.0,0.0,0.389,10.72,53,9,1.0,1,0.39,1
0.0,0.0,0.353,12.72,50,10,1.01,1,0.35,1
0.39,0.0,0.783,14.72,46,11,0.67,1,0.39,1
0.062,0.0,0.874,16.45,42,12,0.93,1,0.81,1
0.0,0.0,0.317,17.49,39,13,0.99,1,0.32,1
0.0,0.0,0.312,18.12,35,14,1.01,1,0.31,1
0.379,0.0,0.368,18.6,33,15,0.49,1,-0.01,1
0.347,0.0,0.337,18.12,32,16,0.5,1,-0.01,1
0.413,0.0,0.065,17.01,32,17,0.14,1,-0.35,1
1.175,0.0,0.0,14.71,54,18,0.0,1,-1.18,1
0.698,0.0,0.0,12.32,55,19,0.0,0,-0.7,0
0.577,0.0,0.0,11.77,62,20,0.0,0,-0.58,0
0.575,0.0,0.0,11.21,62,21,0.0,0,-0.57,0
0.0,0.696,0.0,10.66,62,22,0.0,0,-0.7,0
0.0,0.626,0.0,10.1,57,23,0.0,0,-0.63,0
0.0,0.617,0.0,10.1,57,0,0.0,0,-0.62,0
0.0,0.462,0.0,10.15,58,1,0.0,0,-0.46,0
0.0,0.298,0.0,10.15,59,2,0.0,0,-0.3,0
0.0,1.153,0.0,10.7,58,3,0.0,0,-1.15,0
0.0,1.417,0.0,9.72,71,4,0.0,0,-1.42,0
0.0,1.309,0.0,10.01,77,5,0.0,0,-1.31,0
0.0,1.502,0.0,9.72,77,6,0.0,0,-1.5,0
0.0,0.319,0.0,9.72,75,7,0.0,1,-0.32,0
0.363,0.0,0.031,8.99,85,8,0.08,1,-0.33,1
0.219,0.0,0.116,9.72,89,9,0.34,1,-0.1,1
0.978,0.0,0.177,10.72,86,10,0.15,1,-0.8,1
1.773,0.0,0.178,11.72,82,11,0.09,1,-1.6,1
1.795,0.0,0.12,10.82,81,12,0.06,1,-1.67,1
0.507,0.0,0.087,10.72,86,13,0.15,1,-0.42,1
0.29,0.0,0.064,11.72,91,14,0.18,1,-0.23,1
0.743,0.0,0.079,10.66,89,15,0.1,1,-0.66,1
0.351,0.0,0.073,10.72,89,16,0.17,1,-0.28,1
2.07,0.0,0.061,10.72,89,17,0.03,1,-2.01,1
1.661,0.0,0.001,10.72,91,18,0.0,1,-1.66,1
2.357,0.0,0.0,10.72,92,19,0.0,0,-2.36,0
2.359,0.0,0.0,10.72,92,20,0.0,0,-2.36,0
0.949,0.0,0.0,10.72,93,21,0.0,0,-0.95,0
0.0,0.502,0.0,10.72,93,22,0.0,0,-0.5,0
0.0,0.578,0.0,11.72,93,23,0.0,0,-0.58,0
0.0,0.695,0.0,11.72,93,0,0.0,0,-0.7,0
0.0,2.499,0.0,11.72,94,1,0.0,0,-2.5,0
0.0,0.755,0.0,11.72,93,2,0.0,0,-0.76,0
0.0,0.371,0.0,11.72,94,3,0.0,0,-0.37,0
0.0,0.237,0.0,10.72,94,4,0.0,0,-0.24,0
0.0,0.272,0.0,11.72,93,5,0.0,0,-0.27,0
0.0,0.296,0.0,10.72,93,6,0.0,0,-0.3,0
0.0,1.144,0.016,10.7,94,7,0.01,1,-1.13,0
0.36,0.0,0.17,11.72,94,8,0.32,1,-0.19,1
0.127,0.0,0.158,12.72,94,9,0.54,1,0.03,1
0.209,0.0,0.137,14.23,94,10,0.39,1,-0.07,1
0.6,0.0,0.203,14.79,94,11,0.25,1,-0.4,1
1.025,0.0,0.42,14.79,94,12,0.29,1,-0.6,1
0.08,0.0,0.197,14.72,94,13,0.7,1,0.12,1
0.074,0.0,0.219,15.26,93,14,0.76,1,0.15,1
0.078,0.0,0.204,15.26,93,15,0.73,1,0.13,1
0.216,0.0,0.085,15.26,93,16,0.28,1,-0.13,1
0.308,0.0,0.03,14.72,93,17,0.09,1,-0.28,1
0.635,0.0,0.0,13.72,92,18,0.0,1,-0.64,1
1.323,0.0,0.0,13.12,93,19,0.0,0,-1.32,0
1.263,0.0,0.0,13.12,93,20,0.0,0,-1.26,0
0.588,0.0,0.0,12.93,94,21,0.0,0,-0.59,0
0.0,0.529,0.0,12.93,94,22,0.0,0,-0.53,0
0.0,0.562,0.0,12.93,94,23,0.0,0,-0.56,0
0.0,0.532,0.0,12.72,94,0,0.0,0,-0.53,0
0.0,0.301,0.0,12.72,94,1,0.0,0,-0.3,0
0.0,0.283,0.0,12.01,94,2,0.0,0,-0.28,0
0.0,0.306,0.0,12.01,94,3,0.0,0,-0.31,0
0.0,0.314,0.0,12.72,95,4,0.0,0,-0.31,0
0.0,0.321,0.0,12.72,94,5,0.0,0,-0.32,0
0.0,0.302,0.0,12.72,94,6,0.0,0,-0.3,0
0.0,0.882,0.012,11.77,94,7,0.01,1,-0.87,0
0.109,0.0,0.161,11.26,95,8,0.6,1,0.05,1
1.216,0.0,0.449,13.72,94,9,0.27,1,-0.77,1
0.791,0.0,0.384,13.04,95,10,0.33,1,-0.41,1
0.013,0.0,0.265,13.6,93,11,0.95,1,0.25,1
0.0,0.0,0.291,15.72,94,12,1.0,1,0.29,1
0.0,0.0,0.297,14.72,86,13,0.99,1,0.3,1
0.007,0.0,0.276,15.34,86,14,0.99,1,0.27,1
0.068,0.0,0.205,15.34,81,15,0.76,1,0.14,1
0.087,0.0,0.202,15.26,79,16,0.7,1,0.12,1
0.287,0.0,0.044,15.82,78,17,0.13,1,-0.24,1
1.181,0.0,0.0,15.26,81,18,0.0,1,-1.18,1
2.412,0.0,0.0,14.04,80,19,0.0,0,-2.41,0
0.747,0.0,0.0,14.72,79,20,0.0,0,-0.75,0
1.643,0.0,0.0,13.48,82,21,0.0,0,-1.64,0
0.0,1.05,0.0,13.72,88,22,0.0,0,-1.05,0
0.0,0.588,0.0,13.72,92,23,0.0,0,-0.59,0
0.0,0.466,0.0,14.23,94,0,0.0,0,-0.47,0
0.0,0.415,0.0,14.79,94,1,0.0,0,-0.42,0
0.0,0.358,0.0,14.23,94,2,0.0,0,-0.36,0
0.0,0.335,0.0,14.79,94,3,0.0,0,-0.34,0
0.0,0.284,0.0,14.79,94,4,0.0,0,-0.28,0
0.0,0.305,0.0,14.79,94,5,0.0,0,-0.3,0
0.0,0.31,0.0,14.79,94,6,0.0,0,-0.31,0
0.0,1.189,0.0,14.79,94,7,0.0,1,-1.19,1
1.408,0.0,0.005,14.79,94,8,0.0,1,-1.4,1
0.328,0.0,0.017,15.34,94,9,0.05,1,-0.31,1
0.287,0.0,0.048,15.34,94,10,0.14,1,-0.24,1
0.212,0.0,0.084,15.9,94,11,0.28,1,-0.13,1
0.193,0.0,0.161,16.45,94,12,0.46,1,-0.03,1
0.154,0.0,0.16,17.57,94,13,0.52,1,0.01,1
0.09,0.0,0.194,15.15,94,14,0.69,1,0.1,1
0.21,0.0,0.193,16.45,94,15,0.48,1,-0.02,1
1.009,0.0,0.077,15.9,94,16,0.07,1,-0.93,1
0.334,0.0,0.024,15.34,94,17,0.07,1,-0.31,1
0.449,0.0,0.0,15.15,94,18,0.0,1,-0.45,1
2.179,0.0,0.0,14.72,94,19,0.0,0,-2.18,0
0.879,0.0,0.0,14.72,94,20,0.0,0,-0.88,0
0.637,0.0,0.0,14.72,94,21,0.0,0,-0.64,0
0.0,0.765,0.0,14.72,94,22,0.0,0,-0.76,0
0.0,0.784,0.0,14.72,94,23,0.0,0,-0.78,0
0.0,0.731,0.0,14.04,94,0,0.0,0,-0.73,0
0.0,0.69,0.0,13.99,94,1,0.0,0,-0.69,0
0.0,0.619,0.0,13.72,94,2,0.0,0,-0.62,0
0.0,0.481,0.0,13.72,95,3,0.0,0,-0.48,0
0.0,0.452,0.0,13.72,94,4,0.0,0,-0.45,0
0.0,0.459,0.0,13.72,93,5,0.0,0,-0.46,0
0.0,0.466,0.0,13.12,94,6,0.0,0,-0.47,0
0.0,1.001,0.0,13.72,94,7,0.0,1,-1.0,1
1.355,0.0,0.023,13.72,93,8,0.02,1,-1.33,1
0.231,0.0,0.0,13.9,92,9,0.0,1,-0.23,1
0.159,0.0,0.067,14.72,94,10,0.29,1,-0.09,1
1.337,0.0,0.287,14.72,88,11,0.18,1,-1.05,1
0.631,0.0,0.258,14.72,94,12,0.29,1,-0.37,1
0.0,0.0,0.236,15.72,94,13,0.98,1,0.24,1
0.0,0.0,0.273,16.72,93,14,1.01,1,0.27,1
0.547,0.0,0.328,16.72,91,15,0.37,1,-0.22,1
0.128,0.0,0.163,15.72,87,16,0.56,1,0.04,1
0.272,0.0,0.073,15.72,88,17,0.21,1,-0.2,1
0.528,0.0,0.001,15.1,90,18,0.0,1,-0.53,1
0.507,0.0,0.0,14.72,91,19,0.0,0,-0.51,0
0.596,0.0,0.0,14.54,93,20,0.0,0,-0.6,0
0.846,0.0,0.0,13.99,93,21,0.0,0,-0.85,0
0.0,0.833,0.0,13.99,94,22,0.0,0,-0.83,0
0.0,0.636,0.0,13.99,94,23,0.0,0,-0.64,0
0.0,0.816,0.0,13.72,94,0,0.0,0,-0.82,0
0.0,0.534,0.0,13.72,94,1,0.0,0,-0.53,0
0.0,0.486,0.0,13.72,94,2,0.0,0,-0.49,0
0.0,0.303,0.0,13.72,94,3,0.0,0,-0.3,0
0.0,0.26,0.0,13.72,94,4,0.0,0,-0.26,0
0.0,0.245,0.0,13.72,95,5,0.0,0,-0.24,0
0.0,0.237,0.0,13.72,95,6,0.0,0,-0.24,0
0.0,0.965,0.011,13.72,94,7,0.01,1,-0.95,1
0.234,0.0,0.077,13.72,95,8,0.25,1,-0.16,1
0.222,0.0,0.224,14.72,94,9,0.5,1,0.0,1
1.14,0.0,0.188,14.79,94,10,0.14,1,-0.95,1
0.863,0.0,0.266,15.72,93,11,0.24,1,-0.6,1
0.009,0.0,0.351,15.9,93,12,0.98,1,0.34,1
0.006,0.0,0.32,15.72,90,13,0.97,1,0.31,1
0.164,0.0,0.248,15.72,85,14,0.6,1,0.08,1
0.213,0.0,0.209,16.45,86,15,0.5,1,-0.0,1
0.122,0.0,0.144,16.45,84,16,0.53,1,0.02,1
0.218,0.0,0.049,15.9,92,17,0.18,1,-0.17,1
0.377,0.0,0.0,15.34,93,18,0.0,1,-0.38,1
0.576,0.0,0.0,14.79,94,19,0.0,0,-0.58,0
0.495,0.0,0.0,14.54,94,20,0.0,0,-0.5,0
0.497,0.0,0.0,14.59,94,21,0.0,0,-0.5,0
0.0,0.564,0.0,14.59,94,22,0.0,0,-0.56,0
0.0,0.577,0.0,14.59,94,23,0.0,0,-0.58,0
0.0,0.543,0.0,14.79,94,0,0.0,0,-0.54,0
0.0,0.283,0.0,15.34,94,1,0.0,0,-0.28,0
0.0,0.368,0.0,15.15,94,2,0.0,0,-0.37,0
0.0,0.299,0.0,14.79,95,3,0.0,0,-0.3,0
0.0,0.242,0.0,14.72,94,4,0.0,0,-0.24,0
0.0,0.255,0.0,14.72,95,5,0.0,0,-0.26,0
0.0,0.246,0.0,14.72,95,6,0.0,0,-0.25,0
0.0,0.239,0.002,14.72,95,7,0.01,1,-0.24,1
0.714,0.0,0.161,14.79,94,8,0.18,1,-0.55,1
0.92,0.0,0.189,15.15,94,9,0.17,1,-0.73,1
0.102,0.0,0.2,15.72,94,10,0.67,1,0.1,1
0.013,0.0,0.25,16.12,94,11,0.96,1,0.24,1
0.0,0.0,0.259,15.9,94,12,1.0,1,0.26,1
0.015,0.0,0.261,15.9,93,13,0.93,1,0.25,1
0.363,0.0,0.339,16.26,89,14,0.48,1,-0.02,1
0.163,0.0,0.264,16.82,84,15,0.61,1,0.1,1
1.738,0.0,0.162,16.82,85,16,0.09,1,-1.58,1
0.476,0.0,0.018,16.26,87,17,0.04,1,-0.46,1
0.394,0.0,0.0,15.7,90,18,0.0,1,-0.39,1
0.485,0.0,0.0,15.7,91,19,0.0,0,-0.48,0
0.467,0.0,0.0,15.66,92,20,0.0,0,-0.47,0
0.417,0.0,0.0,15.66,93,21,0.0,0,-0.42,0
0.0,0.845,0.0,15.15,93,22,0.0,0,-0.84,0
0.0,1.893,0.0,15.1,93,23,0.0,0,-1.89,0
0.0,0.56,0.0,14.54,94,0,0.0,0,-0.56,0
0.0,0.546,0.0,14.54,94,1,0.0,0,-0.55,0
0.0,0.548,0.0,14.23,94,2,0.0,0,-0.55,0
0.0,0.555,0.0,13.99,94,3,0.0,0,-0.56,0
0.0,0.48,0.0,14.04,94,4,0.0,0,-0.48,0
0.0,0.243,0.0,14.04,94,5,0.0,0,-0.24,0
0.0,0.255,0.0,14.04,94,6,0.0,0,-0.26,0
0.0,0.145,0.108,13.48,94,7,0.43,1,-0.04,1
0.007,0.0,0.253,14.04,94,8,0.97,1,0.25,1
0.483,0.0,0.412,14.59,92,9,0.46,1,-0.07,1
0.011,0.0,0.286,17.01,84,10,0.95,1,0.27,1
0.638,0.0,0.454,18.12,79,11,0.42,1,-0.18,1
1.063,0.0,0.541,18.68,79,12,0.34,1,-0.52,1
0.435,0.0,0.529,18.48,78,13,0.55,1,0.09,1
0.325,0.0,0.519,19.79,73,14,0.62,1,0.19,1
0.0,0.0,0.333,19.23,71,15,1.01,1,0.33,1
0.03,0.0,0.294,20.15,68,16,0.92,1,0.26,1
0.869,0.0,0.107,19.04,71,17,0.11,1,-0.76,1
0.696,0.0,0.007,17.57,74,18,0.01,1,-0.69,1
1.031,0.0,0.0,16.21,80,19,0.0,0,-1.03,0
1.557,0.0,0.0,15.66,83,20,0.0,0,-1.56,0
0.969,0.0,0.0,15.1,83,21,0.0,0,-0.97,0
0.0,0.551,0.0,14.54,85,22,0.0,0,-0.55,0
0.0,0.612,0.0,13.99,83,23,0.0,0,-0.61,0
0.0,0.783,0.0,14.04,84,0,0.0,0,-0.78,0
0.0,0.515,0.0,13.43,85,1,0.0,0,-0.52,0
0.0,0.281,0.0,13.72,85,2,0.0,0,-0.28,0
0.0,0.274,0.0,14.23,85,3,0.0,0,-0.27,0
0.0,0.36,0.0,14.23,85,4,0.0,0,-0.36,0
0.0,0.282,0.0,14.23,88,5,0.0,0,-0.28,0
0.0,0.292,0.0,13.72,90,6,0.0,0,-0.29,0
0.0,1.184,0.008,13.72,92,7,0.01,1,-1.18,1
0.297,0.0,0.101,14.04,94,8,0.25,1,-0.2,1
0.009,0.0,0.236,14.23,93,9,0.98,1,0.23,1
0.0,0.0,0.239,14.72,84,10,1.0,1,0.24,1
0.003,0.0,0.238,14.59,84,11,0.99,1,0.24,1
0.682,0.0,0.386,15.15,80,12,0.36,1,-0.3,1
0.0,0.0,0.248,15.15,81,13,0.99,1,0.25,1
0.0,0.0,0.244,15.72,92,14,1.02,1,0.24,1
0.0,0.0,0.239,15.72,77,15,1.0,1,0.24,1
0.065,0.0,0.171,15.72,70,16,0.71,1,0.11,1
0.154,0.0,0.086,14.72,73,17,0.36,1,-0.07,1
1.801,0.0,0.003,14.72,72,18,0.0,1,-1.8,1
1.943,0.0,0.0,13.99,85,19,0.0,0,-1.94,0
0.531,0.0,0.0,12.88,86,20,0.0,0,-0.53,0
0.635,0.0,0.0,12.88,89,21,0.0,0,-0.64,0
0.0,0.481,0.0,12.88,91,22,0.0,0,-0.48,0
0.0,0.434,0.0,12.72,92,23,0.0,0,-0.43,0
0.0,0.363,0.0,11.77,91,0,0.0,0,-0.36,0
0.0,0.307,0.0,11.77,92,1,0.0,0,-0.31,0
0.0,0.251,0.0,10.34,92,2,0.0,0,-0.25,0
0.0,0.246,0.0,11.21,93,3,0.0,0,-0.25,0
0.0,0.244,0.0,10.66,93,4,0.0,0,-0.24,0
0.0,0.246,0.0,10.1,93,5,0.0,0,-0.25,0
0.0,0.246,0.0,10.1,93,6,0.0,0,-0.25,0
0.0,0.481,0.064,9.59,93,7,0.12,1,-0.42,1
0.283,0.0,0.253,10.15,94,8,0.47,1,-0.03,1
0.588,0.0,0.433,12.01,93,9,0.42,1,-0.15,1
0.56,0.0,0.545,14.23,90,10,0.5,1,-0.02,1
0.0,0.0,0.254,14.79,80,11,1.02,1,0.25,1
0.0,0.0,0.246,15.72,68,12,0.98,1,0.25,1
0.0,0.0,0.249,16.45,66,13,1.0,1,0.25,1
0.0,0.0,0.251,16.93,67,14,1.0,1,0.25,1
0.0,0.0,0.24,17.01,65,15,1.0,1,0.24,1
0.0,0.0,0.238,17.49,64,16,0.99,1,0.24,1
0.111,0.0,0.123,15.7,64,17,0.53,1,0.01,1
0.311,0.0,0.004,15.15,69,18,0.01,1,-0.31,1
0.329,0.0,0.0,13.6,69,19,0.0,0,-0.33,0
0.401,0.0,0.0,12.88,86,20,0.0,0,-0.4,0
0.67,0.0,0.0,12.88,88,21,0.0,0,-0.67,0
0.0,0.558,0.0,12.32,89,22,0.0,0,-0.56,0
0.0,0.569,0.0,11.77,91,23,0.0,0,-0.57,0
0.0,0.502,0.0,11.28,92,0,0.0,0,-0.5,0
0.0,0.504,0.0,10.72,92,1,0.0,0,-0.5,0
0.0,0.494,0.0,10.17,93,2,0.0,0,-0.49,0
0.0,0.495,0.0,9.61,93,3,0.0,0,-0.5,0
0.0,0.349,0.0,9.66,93,4,0.0,0,-0.35,0
0.0,0.337,0.0,9.3,93,5,0.0,0,-0.34,0
0.0,0.275,0.0,9.3,91,6,0.0,0,-0.28,0
0.0,0.37,0.161,9.1,88,7,0.3,1,-0.21,1
0.65,0.0,0.325,10.77,79,8,0.33,1,-0.32,1
0.0,0.0,0.257,12.99,73,9,0.99,1,0.26,1
0.0,0.0,0.252,15.21,63,10,1.01,1,0.25,1
0.0,0.0,0.253,17.99,59,11,1.01,1,0.25,1
0.0,0.0,0.255,19.1,54,12,0.98,1,0.26,1
0.0,0.0,0.25,20.41,42,13,1.0,1,0.25,1
0.0,0.0,0.247,21.52,40,14,0.99,1,0.25,1
0.0,0.0,0.246,22.08,39,15,0.98,1,0.25,1
0.0,0.0,0.245,23.11,43,16,1.02,1,0.24,1
0.15,0.0,0.088,21.33,46,17,0.37,1,-0.06,1
0.687,0.0,0.003,16.74,67,18,0.0,1,-0.68,1
1.536,0.0,0.0,15.17,64,19,0.0,0,-1.54,0
0.791,0.0,0.0,14.85,71,20,0.0,0,-0.79,0
0.626,0.0,0.0,14.3,69,21,0.0,0,-0.63,0
0.0,0.646,0.0,13.55,69,22,0.0,0,-0.65,0
0.0,0.491,0.0,12.39,85,23,0.0,0,-0.49,0
0.0,0.704,0.0,11.83,86,0,0.0,0,-0.7,0
0.0,2.672,0.0,11.74,89,1,0.0,0,-2.67,0
0.0,0.914,0.0,11.19,90,2,0.0,0,-0.91,0
0.0,0.26,0.0,11.19,91,3,0.0,0,-0.26,0
0.0,0.24,0.0,10.63,92,4,0.0,0,-0.24,0
0.0,0.236,0.0,10.08,92,5,0.0,0,-0.24,0
0.0,0.235,0.0,10.77,78,6,0.0,0,-0.24,0
0.0,1.145,0.097,10.77,78,7,0.08,1,-1.05,1
0.631,0.0,0.191,12.08,77,8,0.23,1,-0.44,1
0.015,0.0,0.244,13.19,78,9,0.94,1,0.23,1
0.0,0.0,0.261,14.3,81,10,1.0,1,0.26,1
0.965,0.0,0.554,17.08,76,11,0.36,1,-0.41,1
0.12,0.0,0.353,18.74,65,12,0.75,1,0.23,1
0.124,0.0,0.257,19.85,56,13,0.68,1,0.13,1
0.085,0.0,0.237,19.77,59,14,0.74,1,0.15,1
0.094,0.0,0.223,18.66,74,15,0.7,1,0.13,1
0.162,0.0,0.166,15.33,82,16,0.5,1,0.0,1
0.783,0.0,0.021,15.89,80,17,0.03,1,-0.76,1
0.955,0.0,0.003,15.33,80,18,0.0,1,-0.95,1
0.964,0.0,0.0,14.22,86,19,0.0,0,-0.96,0
0.559,0.0,0.0,13.66,92,20,0.0,0,-0.56,0
0.668,0.0,0.0,13.23,93,21,0.0,0,-0.67,0
0.0,0.642,0.0,13.23,93,22,0.0,0,-0.64,0
0.0,0.711,0.0,13.23,93,23,0.0,0,-0.71,0
0.0,0.539,0.0,13.23,93,0,0.0,0,-0.54,0
0.0,0.323,0.0,13.23,92,1,0.0,0,-0.32,0
0.0,0.254,0.0,12.39,93,2,0.0,0,-0.25,0
0.0,0.251,0.0,12.23,93,3,0.0,0,-0.25,0
0.0,0.247,0.0,12.23,91,4,0.0,0,-0.25,0
0.0,0.247,0.0,11.28,92,5,0.0,0,-0.25,0
0.0,0.245,0.0,12.23,92,6,0.0,0,-0.24,0
0.0,0.88,0.054,12.23,93,7,0.06,1,-0.83,1
1.208,0.0,0.111,12.23,93,8,0.08,1,-1.1,1
0.06,0.0,0.293,13.23,94,9,0.84,1,0.23,1
0.0,0.0,0.373,12.85,91,10,1.01,1,0.37,1
0.0,0.0,0.356,12.55,93,11,0.99,1,0.36,1
0.0,0.0,0.361,13.11,89,12,1.0,1,0.36,1
0.0,0.0,0.315,14.05,80,13,0.98,1,0.32,1
0.046,0.0,0.301,14.23,81,14,0.86,1,0.26,1
0.126,0.0,0.201,14.23,84,15,0.61,1,0.08,1
0.132,0.0,0.174,14.05,91,16,0.56,1,0.04,1
1.279,0.0,0.045,13.23,90,17,0.03,1,-1.23,1
2.048,0.0,0.006,13.5,90,18,0.0,1,-2.04,1
1.119,0.0,0.0,12.94,91,19,0.0,0,-1.12,0
0.492,0.0,0.0,13.23,93,20,0.0,0,-0.49,0
0.45,0.0,0.0,12.39,94,21,0.0,0,-0.45,0
0.0,0.8,0.0,11.23,93,22,0.0,0,-0.8,0
0.0,0.563,0.0,11.83,93,23,0.0,0,-0.56,0
0.0,0.496,0.0,11.28,94,0,0.0,0,-0.5,0
0.0,0.495,0.0,11.28,91,1,0.0,0,-0.5,0
0.0,0.43,0.0,10.72,94,2,0.0,0,-0.43,0
0.0,0.367,0.0,11.23,94,3,0.0,0,-0.37,0
0.0,0.275,0.0,10.72,94,4,0.0,0,-0.28,0
0.0,0.282,0.0,11.23,94,5,0.0,0,-0.28,0
0.0,0.311,0.0,11.23,94,6,0.0,0,-0.31,0
0.0,0.251,0.019,10.96,95,7,0.07,1,-0.23,1
0.572,0.0,0.131,11.52,95,8,0.19,1,-0.44,1
0.0,0.0,0.257,13.19,95,9,0.99,1,0.26,1
0.668,0.0,0.321,13.23,95,10,0.32,1,-0.35,1
0.035,0.0,0.251,14.23,94,11,0.87,1,0.22,1
0.0,0.0,0.251,14.85,94,12,1.0,1,0.25,1
0.0,0.0,0.255,13.55,91,13,0.98,1,0.26,1
0.0,0.0,0.323,15.96,81,14,1.01,1,0.32,1
0.755,0.0,0.428,15.21,81,15,0.36,1,-0.33,1
0.725,0.0,0.474,16.52,80,16,0.4,1,-0.25,1
0.263,0.0,0.203,15.41,81,17,0.43,1,-0.06,1
0.714,0.0,0.022,14.3,83,18,0.03,1,-0.69,1
1.288,0.0,0.0,12.99,86,19,0.0,0,-1.29,0
0.739,0.0,0.0,11.88,88,20,0.0,0,-0.74,0
0.512,0.0,0.0,11.83,91,21,0.0,0,-0.51,0
0.0,1.377,0.0,11.28,92,22,0.0,0,-1.38,0
0.0,1.483,0.0,11.28,92,23,0.0,0,-1.48,0
0.0,0.641,0.0,10.72,93,0,0.0,0,-0.64,0
0.0,0.38,0.0,10.72,93,1,0.0,0,-0.38,0
0.0,0.317,0.0,10.17,94,2,0.0,0,-0.32,0
0.0,0.362,0.0,9.61,94,3,0.0,0,-0.36,0
0.0,0.305,0.0,9.61,94,4,0.0,0,-0.3,0
0.0,0.302,0.0,9.05,94,5,0.0,0,-0.3,0
0.0,0.344,0.0,7.99,95,6,0.0,0,-0.34,0
0.0,0.297,0.069,7.99,94,7,0.19,1,-0.23,1
0.056,0.0,0.241,9.66,95,8,0.8,1,0.18,1
0.29,0.0,0.488,10.23,93,9,0.63,1,0.2,1
0.039,0.0,0.6,13.19,80,10,0.94,1,0.56,1
0.904,0.0,0.952,14.85,79,11,0.51,1,0.05,1
0.282,0.0,0.862,17.08,71,12,0.76,1,0.58,1
0.141,0.0,0.775,17.08,63,13,0.84,1,0.63,1
0.0,0.0,0.434,18.19,62,14,1.01,1,0.43,1
0.357,0.0,0.644,19.3,56,15,0.64,1,0.29,1
0.584,0.0,0.399,19.1,55,16,0.41,1,-0.18,1
1.051,0.0,0.109,19.66,52,17,0.09,1,-0.94,1
0.551,0.0,0.006,17.63,67,18,0.01,1,-0.55,1
1.019,0.0,0.0,13.5,76,19,0.0,0,-1.02,0
0.523,0.0,0.0,14.3,81,20,0.0,0,-0.52,0
1.073,0.0,0.0,13.19,84,21,0.0,0,-1.07,0
0.0,0.985,0.0,12.08,87,22,0.0,0,-0.98,0
0.0,0.518,0.0,11.88,88,23,0.0,0,-0.52,0
0.0,0.531,0.0,11.33,88,0,0.0,0,-0.53,0
0.0,0.488,0.0,11.88,87,1,0.0,0,-0.49,0
0.0,0.324,0.0,11.33,87,2,0.0,0,-0.32,0
0.0,0.311,0.0,11.33,88,3,0.0,0,-0.31,0
0.0,0.284,0.0,10.77,89,4,0.0,0,-0.28,0
0.0,0.294,0.0,9.05,97,5,0.0,0,-0.29,0
0.0,0.297,0.001,8.5,96,6,0.0,0,-0.3,0
0.0,1.112,0.178,7.94,96,7,0.14,1,-0.93,1
0.0,0.0,0.26,12.99,75,8,1.0,1,0.26,1
0.0,0.0,0.232,14.66,71,9,1.01,1,0.23,1
0.0,0.0,0.233,14.66,72,10,1.01,1,0.23,1
0.288,0.0,0.46,18.19,67,11,0.61,1,0.17,1
0.378,0.0,0.492,20.96,58,12,0.57,1,0.11,1
0.0,0.0,0.24,21.52,54,13,1.0,1,0.24,1
0.0,0.0,0.237,21.52,52,14,0.99,1,0.24,1
0.0,0.0,0.236,20.96,48,15,0.98,1,0.24,1
0.0,0.0,0.229,20.21,50,16,1.0,1,0.23,1
0.144,0.0,0.099,19.1,54,17,0.41,1,-0.04,1
1.223,0.0,0.002,17.08,74,18,0.0,1,-1.22,1
0.502,0.0,0.0,13.5,79,19,0.0,0,-0.5,0
0.712,0.0,0.0,12.44,85,20,0.0,0,-0.71,0
1.75,0.0,0.0,12.39,89,21,0.0,0,-1.75,0
0.0,0.637,0.0,11.83,89,22,0.0,0,-0.64,0
0.0,0.484,0.0,11.83,90,23,0.0,0,-0.48,0
0.0,0.531,0.0,11.83,92,0,0.0,0,-0.53,0
0.0,0.521,0.0,11.83,93,1,0.0,0,-0.52,0
0.0,0.539,0.0,11.28,93,2,0.0,0,-0.54,0
0.0,0.248,0.0,11.28,92,3,0.0,0,-0.25,0
0.0,0.243,0.0,11.23,91,4,0.0,0,-0.24,0
0.0,0.242,0.0,10.72,92,5,0.0,0,-0.24,0
0.0,0.244,0.0,10.72,93,6,0.0,0,-0.24,0
0.0,1.468,0.114,10.23,93,7,0.07,1,-1.35,1
0.037,0.0,0.247,11.23,93,8,0.88,1,0.21,1
0.738,0.0,0.442,12.99,86,9,0.37,1,-0.3,1
0.0,0.0,0.425,14.85,83,10,1.01,1,0.42,1
0.0,0.0,0.25,17.08,76,11,1.0,1,0.25,1
0.0,0.0,0.246,17.63,70,12,0.98,1,0.25,1
0.0,0.0,0.241,19.3,60,13,1.0,1,0.24,1
0.0,0.0,0.245,19.85,61,14,1.02,1,0.24,1
0.0,0.0,0.247,19.85,58,15,0.99,1,0.25,1
0.0,0.0,0.243,19.85,57,16,1.01,1,0.24,1
0.154,0.0,0.104,18.74,68,17,0.4,1,-0.05,1
1.368,0.0,0.005,17.08,75,18,0.0,1,-1.36,1
2.282,0.0,0.0,13.55,81,19,0.0,0,-2.28,0
0.571,0.0,0.0,13.74,86,20,0.0,0,-0.57,0
0.617,0.0,0.0,12.63,88,21,0.0,0,-0.62,0
0.0,1.269,0.0,12.39,90,22,0.0,0,-1.27,0
0.0,0.599,0.0,11.83,91,23,0.0,0,-0.6,0
0.0,0.59,0.0,11.83,92,0,0.0,0,-0.59,0
0.0,0.527,0.0,10.77,93,1,0.0,0,-0.53,0
0.0,0.523,0.0,11.28,92,2,0.0,0,-0.52,0
0.0,0.356,0.0,11.28,92,3,0.0,0,-0.36,0
0.0,0.253,0.0,10.72,96,4,0.0,0,-0.25,0
0.0,0.246,0.0,10.72,95,5,0.0,0,-0.25,0
0.0,0.25,0.0,10.72,95,6,0.0,0,-0.25,0
0.0,1.169,0.123,10.17,90,7,0.1,1,-1.05,1
0.061,0.0,0.299,11.33,86,8,0.83,1,0.24,1
0.0,0.0,0.249,12.63,83,9,1.0,1,0.25,1
0.0,0.0,0.241,14.3,79,10,1.0,1,0.24,1
0.012,0.0,0.235,14.23,76,11,0.94,1,0.22,1
0.0,0.0,0.251,14.85,74,12,1.0,1,0.25,1
0.0,0.0,0.253,15.41,72,13,1.01,1,0.25,1
0.0,0.0,0.266,15.96,71,14,0.99,1,0.27,1
0.0,0.0,0.262,16.52,68,15,1.01,1,0.26,1
0.062,0.0,0.241,15.96,70,16,0.8,1,0.18,1
0.179,0.0,0.136,15.21,70,17,0.43,1,-0.04,1
0.802,0.0,0.017,14.66,74,18,0.02,1,-0.78,1
0.727,0.0,0.0,14.05,82,19,0.0,0,-0.73,0
0.445,0.0,0.0,13.5,84,20,0.0,0,-0.44,0
0.565,0.0,0.0,13.23,85,21,0.0,0,-0.56,0
0.0,1.37,0.0,13.23,87,22,0.0,0,-1.37,0
0.0,0.315,0.0,13.23,88,23,0.0,0,-0.32,0
0.0,0.305,0.0,13.23,89,0,0.0,0,-0.3,0
0.0,0.355,0.0,13.23,89,1,0.0,0,-0.36,0
0.0,0.398,0.0,13.23,90,2,0.0,0,-0.4,0
0.0,0.266,0.0,13.23,89,3,0.0,0,-0.27,0
0.0,0.244,0.0,12.63,89,4,0.0,0,-0.24,0
0.0,0.238,0.0,12.63,90,5,0.0,0,-0.24,0
0.0,0.235,0.0,12.63,89,6,0.0,0,-0.24,0
0.0,1.287,0.105,12.63,88,7,0.08,1,-1.18,1
1.04,0.0,0.107,13.23,88,8,0.09,1,-0.93,1
0.059,0.0,0.179,13.23,85,9,0.75,1,0.12,1
0.054,0.0,0.186,15.41,85,10,0.78,1,0.13,1
0.054,0.0,0.185,14.3,84,11,0.77,1,0.13,1
0.054,0.0,0.184,14.66,85,12,0.77,1,0.13,1
0.027,0.0,0.213,15.41,86,13,0.89,1,0.19,1
0.064,0.0,0.173,14.85,89,14,0.72,1,0.11,1
0.136,0.0,0.095,14.85,89,15,0.41,1,-0.04,1
0.169,0.0,0.065,14.61,87,16,0.28,1,-0.1,1
0.208,0.0,0.022,14.61,90,17,0.1,1,-0.19,1
0.563,0.0,0.003,14.23,92,18,0.01,1,-0.56,1
1.432,0.0,0.0,13.5,93,19,0.0,0,-1.43,0
0.337,0.0,0.0,13.5,93,20,0.0,0,-0.34,0
0.472,0.0,0.0,13.23,93,21,0.0,0,-0.47,0
0.0,0.532,0.0,13.74,93,22,0.0,0,-0.53,0
0.0,0.618,0.0,14.23,94,23,0.0,0,-0.62,0
0.0,0.604,0.0,13.74,94,0,0.0,0,-0.6,0
0.0,0.534,0.0,13.74,94,1,0.0,0,-0.53,0
0.0,0.462,0.0,14.23,94,2,0.0,0,-0.46,0
0.0,0.331,0.0,13.55,94,3,0.0,0,-0.33,0
0.0,0.248,0.0,12.44,94,4,0.0,0,-0.25,0
0.0,0.245,0.0,11.83,94,5,0.0,0,-0.24,0
0.0,0.243,0.0,11.28,94,6,0.0,0,-0.24,0
0.0,1.643,0.177,11.28,95,7,0.1,1,-1.47,1
0.031,0.0,0.314,11.83,95,8,0.92,1,0.28,1
0.0,0.0,0.257,14.23,95,9,0.99,1,0.26,1
0.0,0.0,0.257,14.85,91,10,0.99,1,0.26,1
0.0,0.0,0.263,15.41,77,11,1.01,1,0.26,1
0.0,0.0,0.268,16.33,70,12,0.99,1,0.27,1
0.0,0.0,0.258,15.96,68,13,0.99,1,0.26,1
0.514,0.0,0.428,16.88,62,14,0.46,1,-0.09,1
0.018,0.0,0.316,16.23,66,15,0.96,1,0.3,1
0.009,0.0,0.316,16.88,64,16,0.99,1,0.31,1
0.211,0.0,0.115,15.77,65,17,0.35,1,-0.1,1
0.309,0.0,0.008,15.21,66,18,0.02,1,-0.3,1
0.37,0.0,0.0,14.05,77,19,0.0,0,-0.37,0
0.471,0.0,0.0,13.5,81,20,0.0,0,-0.47,0
0.535,0.0,0.0,12.94,86,21,0.0,0,-0.54,0
0.0,0.531,0.0,12.39,87,22,0.0,0,-0.53,0
0.0,0.54,0.0,11.83,89,23,0.0,0,-0.54,0
0.0,0.532,0.0,11.83,91,0,0.0,0,-0.53,0
0.0,0.534,0.0,11.28,91,1,0.0,0,-0.53,0
0.0,0.505,0.0,10.72,92,2,0.0,0,-0.5,0
0.0,0.377,0.0,10.17,91,3,0.0,0,-0.38,0
0.0,0.266,0.0,9.61,91,4,0.0,0,-0.27,0
0.0,0.242,0.0,9.05,97,5,0.0,0,-0.24,0
0.0,0.279,0.004,8.5,98,6,0.01,0,-0.28,0
0.0,0.053,0.187,9.1,90,7,0.78,1,0.13,1
0.0,0.0,0.244,10.77,85,8,1.02,1,0.24,1
0.0,0.0,0.426,12.99,78,9,0.99,1,0.43,1
0.507,0.0,0.662,14.23,74,10,0.57,1,0.16,1
0.326,0.0,0.632,15.96,66,11,0.66,1,0.31,1
0.541,0.0,0.454,17.08,62,12,0.45,1,-0.09,1
0.267,0.0,0.258,16.88,62,13,0.5,1,-0.01,1
0.59,0.0,0.232,16.33,64,14,0.28,1,-0.36,1
0.162,0.0,0.175,15.21,66,15,0.51,1,0.01,1
0.854,0.0,0.074,14.66,73,16,0.08,1,-0.78,1
0.978,0.0,0.053,14.61,84,17,0.05,1,-0.92,1
0.565,0.0,0.001,14.23,91,18,0.0,1,-0.56,1
0.722,0.0,0.0,14.23,92,19,0.0,0,-0.72,0
1.995,0.0,0.0,14.23,92,20,0.0,0,-2.0,0
0.486,0.0,0.0,14.23,93,21,0.0,0,-0.49,0
0.0,0.397,0.0,14.3,94,22,0.0,0,-0.4,0
0.0,0.384,0.0,14.1,94,23,0.0,0,-0.38,0
0.0,0.384,0.0,13.23,94,0,0.0,0,-0.38,0
0.0,0.0,0.0,13.23,95,1,0.0,0,0.0,0
0.0,0.419,0.0,12.39,94,2,0.0,0,-0.42,0
0.0,0.306,0.0,12.23,95,3,0.0,0,-0.31,0
0.0,0.254,0.0,12.39,95,4,0.0,0,-0.25,0
0.0,0.323,0.0,11.83,95,5,0.0,0,-0.32,0
0.0,0.247,0.0,11.83,95,6,0.0,0,-0.25,0
0.0,0.238,0.003,9.66,95,7,0.01,1,-0.24,1
0.152,0.0,0.096,12.08,95,8,0.38,1,-0.06,1
0.0,0.0,0.302,13.19,89,9,1.01,1,0.3,1
0.0,0.0,0.403,13.41,80,10,1.01,1,0.4,1
0.0,0.0,0.353,14.85,70,11,1.01,1,0.35,1
0.067,0.0,0.807,16.52,62,12,0.93,1,0.74,1
0.09,0.0,0.726,17.63,61,13,0.89,1,0.64,1
0.0,0.0,0.319,17.63,57,14,1.0,1,0.32,1
0.018,0.0,0.608,17.63,53,15,0.97,1,0.59,1
0.0,0.0,0.281,17.44,53,16,1.0,1,0.28,1
0.116,0.0,0.356,17.44,57,17,0.76,1,0.24,1
0.338,0.0,0.121,15.77,66,18,0.26,1,-0.22,1
0.647,0.0,0.008,13.61,71,19,0.01,0,-0.64,0
0.94,0.0,0.0,12.39,71,20,0.0,0,-0.94,0
0.6,0.0,0.0,11.83,76,21,0.0,0,-0.6,0
0.0,0.48,0.0,11.28,84,22,0.0,0,-0.48,0
0.0,0.532,0.0,11.28,86,23,0.0,0,-0.53,0
0.0,0.526,0.0,11.28,86,0,0.0,0,-0.53,0
0.0,0.527,0.0,10.72,86,1,0.0,0,-0.53,0
0.0,0.561,0.0,10.17,89,2,0.0,0,-0.56,0
0.0,0.313,0.0,9.61,89,3,0.0,0,-0.31,0
0.0,0.256,0.0,9.61,88,4,0.0,0,-0.26,0
0.0,0.246,0.0,9.05,89,5,0.0,0,-0.25,0
0.0,0.238,0.0,8.5,88,6,0.0,0,-0.24,0
0.0,1.572,0.004,8.96,87,7,0.0,1,-1.57,1
0.168,0.0,0.205,11.23,80,8,0.55,1,0.04,1
0.0,0.0,0.248,14.1,54,9,0.99,1,0.25,1
0.0,0.0,0.251,15.77,50,10,1.0,1,0.25,1
0.0,0.0,0.383,17.99,43,11,1.01,1,0.38,1
0.479,0.0,0.719,19.85,40,12,0.6,1,0.24,1
0.0,0.0,0.255,21.52,38,13,0.98,1,0.26,1
0.0,0.0,0.242,23.19,40,14,1.01,1,0.24,1
0.0,0.0,0.24,23.19,35,15,1.0,1,0.24,1
0.0,0.0,0.241,22.99,31,16,1.0,1,0.24,1
0.0,0.0,0.252,22.99,34,17,1.01,1,0.25,1
0.206,0.0,0.1,19.85,53,18,0.32,1,-0.11,1
0.551,0.0,0.014,15.72,55,19,0.02,0,-0.54,0
1.063,0.0,0.0,16.52,61,20,0.0,0,-1.06,0
0.941,0.0,0.0,14.85,69,21,0.0,0,-0.94,0
0.0,0.651,0.0,14.66,73,22,0.0,0,-0.65,0
0.0,0.517,0.0,14.66,71,23,0.0,0,-0.52,0
0.0,0.486,0.0,14.1,72,0,0.0,0,-0.49,0
0.0,0.496,0.0,14.1,66,1,0.0,0,-0.5,0
0.0,0.506,0.0,11.83,78,2,0.0,0,-0.51,0
0.0,0.331,0.0,11.28,82,3,0.0,0,-0.33,0
0.0,0.244,0.0,11.28,83,4,0.0,0,-0.24,0
0.0,0.229,0.0,11.23,83,5,0.0,0,-0.23,0
0.0,0.224,0.0,11.23,82,6,0.0,0,-0.22,0
0.0,1.705,0.004,11.23,79,7,0.0,1,-1.7,1
0.117,0.0,0.207,15.21,65,8,0.65,1,0.09,1
0.31,0.0,0.394,18.55,48,9,0.56,1,0.08,1
0.0,0.0,0.369,20.21,55,10,1.0,1,0.37,1
0.0,0.0,0.397,22.63,47,11,0.99,1,0.4,1
0.0,0.0,0.682,24.85,31,12,1.0,1,0.68,1
0.0,0.0,0.366,24.66,34,13,0.99,1,0.37,1
0.0,0.0,0.315,25.21,38,14,0.98,1,0.32,1
0.0,0.0,0.323,23.55,42,15,1.01,1,0.32,1
0.0,0.0,0.322,24.1,39,16,1.01,1,0.32,1
0.005,0.0,0.313,22.99,40,17,0.98,1,0.31,1
0.416,0.0,0.134,22.72,47,18,0.24,1,-0.28,1
0.864,0.0,0.023,19.52,47,19,0.03,0,-0.84,0
1.004,0.0,0.0,17.94,58,20,0.0,0,-1.0,0
0.678,0.0,0.0,17.3,66,21,0.0,0,-0.68,0
0.0,0.692,0.0,17.3,65,22,0.0,0,-0.69,0
0.0,0.579,0.0,17.3,68,23,0.0,0,-0.58,0
0.0,0.531,0.0,17.3,70,0,0.0,0,-0.53,0
0.0,0.256,0.0,16.74,72,1,0.0,0,-0.26,0
0.0,0.256,0.0,15.41,72,2,0.0,0,-0.26,0
0.0,0.25,0.0,15.96,70,3,0.0,0,-0.25,0
0.0,0.246,0.0,15.41,69,4,0.0,0,-0.25,0
0.0,0.244,0.0,14.85,68,5,0.0,0,-0.24,0
0.0,0.233,0.0,15.63,66,6,0.0,0,-0.23,0
0.0,1.371,0.007,16.52,64,7,0.01,1,-1.36,1
0.334,0.0,0.12,19.3,62,8,0.27,1,-0.21,1
0.111,0.0,0.203,19.85,39,9,0.65,1,0.09,1
1.425,0.0,0.554,19.66,40,10,0.28,1,-0.87,1
0.246,0.0,0.469,21.33,42,11,0.65,1,0.22,1
0.0,0.0,0.458,23.19,38,12,1.0,1,0.46,1
0.0,0.0,0.336,23.55,40,13,0.99,1,0.34,1
0.0,0.0,0.326,22.99,38,14,0.99,1,0.33,1
0.0,0.0,0.323,22.63,40,15,1.01,1,0.32,1
0.309,0.0,0.422,20.77,47,16,0.58,1,0.11,1
0.103,0.0,0.218,19.3,70,17,0.68,1,0.12,1
0.22,0.0,0.054,17.94,78,18,0.2,1,-0.17,1
0.314,0.0,0.0,17.39,87,19,0.0,0,-0.31,0
0.424,0.0,0.0,16.83,88,20,0.0,0,-0.42,0
0.454,0.0,0.0,15.96,88,21,0.0,0,-0.45,0
0.0,0.553,0.0,15.77,89,22,0.0,0,-0.55,0
0.0,0.544,0.0,15.41,90,23,0.0,0,-0.54,0
0.0,0.433,0.0,15.41,90,0,0.0,0,-0.43,0
0.0,0.275,0.0,15.41,91,1,0.0,0,-0.28,0
0.0,0.254,0.0,15.23,91,2,0.0,0,-0.25,0
0.0,0.246,0.0,14.3,91,3,0.0,0,-0.25,0
0.0,0.234,0.0,14.23,92,4,0.0,0,-0.23,0
0.0,0.291,0.0,14.23,92,5,0.0,0,-0.29,0
0.0,0.239,0.0,15.17,92,6,0.0,0,-0.24,0
0.0,1.197,0.003,15.17,91,7,0.0,1,-1.19,1
1.026,0.0,0.105,15.96,87,8,0.09,1,-0.92,1
0.047,0.0,0.239,15.77,83,9,0.82,1,0.19,1
0.0,0.0,0.186,18.19,73,10,0.98,1,0.19,1
0.0,0.0,0.253,17.44,66,11,1.01,1,0.25,1
0.0,0.0,0.242,18.19,62,12,1.01,1,0.24,1
0.0,0.0,0.244,18.74,66,13,1.02,1,0.24,1
0.0,0.0,0.241,19.3,68,14,1.0,1,0.24,1
0.0,0.0,0.239,19.3,69,15,1.0,1,0.24,1
0.0,0.0,0.23,18.19,73,16,1.0,1,0.23,1
0.053,0.0,0.197,17.63,74,17,0.79,1,0.14,1
0.656,0.0,0.09,16.83,79,18,0.12,1,-0.57,1
1.304,0.0,0.001,16.28,83,19,0.0,0,-1.3,0
0.997,0.0,0.0,16.28,85,20,0.0,0,-1.0,0
0.637,0.0,0.0,15.72,90,21,0.0,0,-0.64,0
0.0,0.605,0.0,15.72,92,22,0.0,0,-0.6,0
0.0,0.49,0.0,15.96,93,23,0.0,0,-0.49,0
0.0,0.835,0.0,15.41,94,0,0.0,0,-0.84,0
0.0,0.485,0.0,15.17,94,1,0.0,0,-0.48,0
0.0,0.474,0.0,15.17,94,2,0.0,0,-0.47,0
0.0,0.455,0.0,14.66,94,3,0.0,0,-0.46,0
0.0,0.278,0.0,14.61,95,4,0.0,0,-0.28,0
0.0,0.248,0.0,14.61,94,5,0.0,0,-0.25,0
0.0,0.244,0.0,14.61,95,6,0.0,0,-0.24,0
0.0,0.508,0.001,13.23,95,7,0.0,1,-0.51,1
0.57,0.0,0.055,14.23,94,8,0.09,1,-0.51,1
0.168,0.0,0.236,15.23,93,9,0.59,1,0.07,1
0.659,0.0,0.376,16.52,87,10,0.36,1,-0.28,1
0.0,0.0,0.445,15.23,78,11,1.01,1,0.44,1
0.022,0.0,0.414,16.23,78,12,0.94,1,0.39,1
0.172,0.0,0.341,17.63,74,13,0.67,1,0.17,1
0.027,0.0,0.392,16.52,71,14,0.93,1,0.36,1
0.013,0.0,0.674,16.52,68,15,0.98,1,0.66,1
0.074,0.0,0.615,16.33,70,16,0.89,1,0.54,1
0.857,0.0,0.354,15.72,74,17,0.29,1,-0.5,1
1.431,0.0,0.141,15.17,80,18,0.09,1,-1.29,1
0.949,0.0,0.028,14.61,82,19,0.03,0,-0.92,0
0.557,0.0,0.0,14.05,87,20,0.0,0,-0.56,0
1.21,0.0,0.0,14.05,90,21,0.0,0,-1.21,0
0.0,0.392,0.0,14.05,91,22,0.0,0,-0.39,0
0.0,0.245,0.0,14.05,92,23,0.0,0,-0.24,0
0.0,0.244,0.0,14.05,93,0,0.0,0,-0.24,0
0.0,0.251,0.0,13.5,93,1,0.0,0,-0.25,0
0.0,0.294,0.0,13.5,93,2,0.0,0,-0.29,0
0.0,0.306,0.0,13.5,93,3,0.0,0,-0.31,0
0.0,0.249,0.0,13.5,93,4,0.0,0,-0.25,0
0.0,0.27,0.0,13.5,93,5,0.0,0,-0.27,0
0.0,0.356,0.0,12.94,93,6,0.0,0,-0.36,0
0.0,0.236,0.001,12.94,92,7,0.0,1,-0.24,1
0.22,0.0,0.026,12.94,93,8,0.1,1,-0.19,1
0.136,0.0,0.124,12.23,94,9,0.48,1,-0.01,1
1.2,0.0,0.246,13.5,93,10,0.17,1,-0.95,1
1.029,0.0,0.328,14.85,92,11,0.24,1,-0.7,1
0.037,0.0,0.316,14.23,92,12,0.9,1,0.28,1
0.335,0.0,0.23,15.17,90,13,0.4,1,-0.11,1
0.382,0.0,0.369,15.41,92,14,0.49,1,-0.01,1
0.121,0.0,0.446,15.41,86,15,0.78,1,0.32,1
0.257,0.0,0.267,17.08,78,16,0.51,1,0.01,1
0.115,0.0,0.364,17.08,78,17,0.76,1,0.25,1
0.378,0.0,0.154,16.52,75,18,0.29,1,-0.22,1
0.537,0.0,0.011,15.17,80,19,0.02,0,-0.53,0
0.433,0.0,0.0,13.55,85,20,0.0,0,-0.43,0
0.477,0.0,0.0,13.5,86,21,0.0,0,-0.48,0
0.0,0.514,0.0,12.39,86,22,0.0,0,-0.51,0
0.0,0.492,0.0,12.39,86,23,0.0,0,-0.49,0
0.0,0.516,0.0,11.83,77,0,0.0,0,-0.52,0
0.0,0.248,0.0,11.28,72,1,0.0,0,-0.25,0
0.0,0.239,0.0,10.72,84,2,0.0,0,-0.24,0
0.0,0.244,0.0,10.72,85,3,0.0,0,-0.24,0
0.0,0.241,0.0,10.17,86,4,0.0,0,-0.24,0
0.0,0.239,0.0,9.61,86,5,0.0,0,-0.24,0
0.0,0.234,0.0,9.05,86,6,0.0,0,-0.23,0
0.0,0.209,0.022,8.5,84,7,0.1,1,-0.19,1
0.018,0.0,0.211,10.77,53,8,0.92,1,0.19,1
0.055,0.0,0.593,12.99,57,9,0.91,1,0.54,1
0.161,0.0,0.843,15.21,47,10,0.84,1,0.68,1
0.222,0.0,1.06,17.08,45,11,0.83,1,0.84,1
0.619,0.0,1.161,18.74,38,12,0.65,1,0.54,1
0.236,0.0,0.79,20.41,37,13,0.77,1,0.55,1
0.11,0.0,0.652,20.96,35,14,0.86,1,0.54,1
0.0,0.0,0.293,20.77,35,15,1.01,1,0.29,1
0.015,0.0,0.465,20.96,37,16,0.97,1,0.45,1
0.034,0.0,0.429,20.77,37,17,0.93,1,0.4,1
0.909,0.0,0.149,18.29,60,18,0.14,1,-0.76,1
1.95,0.0,0.026,15.17,70,19,0.01,0,-1.92,0
0.812,0.0,0.0,14.05,71,20,0.0,0,-0.81,0
0.703,0.0,0.0,13.5,75,21,0.0,0,-0.7,0
0.0,1.031,0.0,12.94,81,22,0.0,0,-1.03,0
0.0,1.275,0.0,12.94,69,23,0.0,0,-1.27,0
0.0,0.566,0.0,12.39,84,0,0.0,0,-0.57,0
0.0,0.355,0.0,11.28,86,1,0.0,0,-0.36,0
0.0,0.265,0.0,11.28,87,2,0.0,0,-0.26,0
0.0,0.233,0.0,10.72,89,3,0.0,0,-0.23,0
0.0,0.235,0.0,10.17,87,4,0.0,0,-0.24,0
0.0,0.234,0.0,9.61,86,5,0.0,0,-0.23,0
0.0,0.239,0.0,9.61,85,6,0.0,0,-0.24,0
0.0,1.632,0.039,9.05,82,7,0.02,1,-1.59,1
0.188,0.0,0.165,13.55,47,8,0.47,1,-0.02,1
0.0,0.0,0.228,15.21,47,9,0.99,1,0.23,1
0.0,0.0,0.233,16.88,51,10,1.01,1,0.23,1
0.0,0.0,0.23,17.08,55,11,1.0,1,0.23,1
0.0,0.0,0.234,19.1,43,12,1.02,1,0.23,1
0.0,0.0,0.238,19.66,43,13,0.99,1,0.24,1
0.0,0.0,0.334,19.1,48,14,1.01,1,0.33,1
0.0,0.0,0.246,19.1,52,15,0.98,1,0.25,1
0.007,0.0,0.225,18.55,58,16,0.98,1,0.22,1
0.102,0.0,0.132,16.88,63,17,0.57,1,0.03,1
0.96,0.0,0.039,16.88,67,18,0.04,1,-0.92,1
2.651,0.0,0.003,15.41,81,19,0.0,0,-2.65,0
0.571,0.0,0.0,13.74,84,20,0.0,0,-0.57,0
0.607,0.0,0.0,13.55,86,21,0.0,0,-0.61,0
0.0,0.56,0.0,12.99,89,22,0.0,0,-0.56,0
0.0,0.512,0.0,12.44,90,23,0.0,0,-0.51,0
0.0,0.498,0.0,12.44,91,0,0.0,0,-0.5,0
0.0,0.499,0.0,12.44,91,1,0.0,0,-0.5,0
0.0,0.448,0.0,12.39,91,2,0.0,0,-0.45,0
0.0,0.26,0.0,12.44,85,3,0.0,0,-0.26,0
0.0,0.248,0.0,13.55,67,4,0.0,0,-0.25,0
0.0,0.25,0.0,12.99,60,5,0.0,0,-0.25,0
0.0,0.254,0.0,11.74,83,6,0.0,0,-0.25,0
0.0,0.598,0.027,11.28,82,7,0.04,1,-0.57,1
0.438,0.0,0.232,15.21,43,8,0.35,1,-0.21,1
0.0,0.0,0.284,16.23,35,9,1.01,1,0.28,1
0.0,0.0,0.337,18.23,35,10,0.99,1,0.34,1
0.0,0.0,0.251,19.85,36,11,1.0,1,0.25,1
0.524,0.0,0.337,21.52,33,12,0.39,1,-0.19,1
0.0,0.0,0.309,22.63,24,13,1.0,1,0.31,1
0.0,0.0,0.321,23.23,24,14,1.0,1,0.32,1
0.0,0.0,0.319,23.23,22,15,1.0,1,0.32,1
0.0,0.0,0.307,23.74,19,16,0.99,1,0.31,1
0.0,0.0,0.33,23.23,18,17,1.0,1,0.33,1
0.207,0.0,0.137,21.74,44,18,0.4,1,-0.07,1
0.953,0.0,0.012,22.37,43,19,0.01,0,-0.94,1
0.915,0.0,0.0,20.02,52,20,0.0,0,-0.92,0
0.479,0.0,0.0,17.39,61,21,0.0,0,-0.48,0
0.0,0.497,0.0,14.3,68,22,0.0,0,-0.5,0
0.0,0.487,0.0,15.17,71,23,0.0,0,-0.49,0
