dt,dt_iso,timezone,city_name,lat,lon,temp,visibility,dew_point,feels_like,temp_min,temp_max,pressure,sea_level,grnd_level,humidity,wind_speed,wind_deg,wind_gust,rain_1h,rain_3h,snow_1h,snow_3h,clouds_all,weather_id,weather_main,weather_description,weather_icon
1678838400,2023-03-15 00:00:00 +0000 UTC,0,Braga,41.545449,-8.426507,9.58,,8.35,9.58,7.0,11.28,1023,,,92,1.09,81,,,,,,54,803,Clouds,broken clouds,04n
1678842000,2023-03-15 01:00:00 +0000 UTC,0,Braga,41.545449,-8.426507,9.57,,8.34,9.57,7.0,10.72,1023,,,92,0.93,64,,,,,,100,804,Clouds,overcast clouds,04n
1678845600,2023-03-15 02:00:00 +0000 UTC,0,Braga,41.545449,-8.426507,9.09,,8.02,8.73,8.23,10.17,1022,,,93,1.39,64,,,,,,100,804,Clouds,overcast clouds,04n
1678849200,2023-03-15 03:00:00 +0000 UTC,0,Braga,41.545449,-8.426507,9.03,,7.96,8.15,7.23,9.61,1022,,,93,1.9,67,,,,,,100,804,Clouds,overcast clouds,04n
1678852800,2023-03-15 04:00:00 +0000 UTC,0,Braga,41.545449,-8.426507,9.45,,8.38,8.38,5.33,9.66,1021,,,93,2.22,68,,,,,,100,804,Clouds,overcast clouds,04n
1678856400,2023-03-15 05:00:00 +0000 UTC,0,Braga,41.545449,-8.426507,8.4,,7.34,7.02,4.77,9.3,1021,,,93,2.38,68,,,,,,100,804,Clouds,overcast clouds,04n
1678860000,2023-03-15 06:00:00 +0000 UTC,0,Braga,41.545449,-8.426507,8.84,,7.45,7.41,4.22,9.3,1020,,,91,2.56,70,,,,,,100,804,Clouds,overcast clouds,04n
1678863600,2023-03-15 07:00:00 +0000 UTC,0,Braga,41.545449,-8.426507,8.89,,7.01,7.32,4.77,9.1,1020,,,88,2.77,74,,,,,,94,804,Clouds,overcast clouds,04d
1678867200,2023-03-15 08:00:00 +0000 UTC,0,Braga,41.545449,-8.426507,10.68,,7.19,9.87,7.3,10.77,1019,,,79,2.63,77,,,,,,24,801,Clouds,few clouds,02d
1678870800,2023-03-15 09:00:00 +0000 UTC,0,Braga,41.545449,-8.426507,12.89,,8.17,12.14,8.5,12.99,1019,,,73,2.17,84,,,,,,0,800,Clear,sky is clear,01d
1678874400,2023-03-15 10:00:00 +0000 UTC,0,Braga,41.545449,-8.426507,15.17,,8.18,14.39,12.3,15.21,1019,,,63,2.07,95,,,,,,0,800,Clear,sky is clear,01d
1678878000,2023-03-15 11:00:00 +0000 UTC,0,Braga,41.545449,-8.426507,17.93,,9.81,17.32,15.23,17.99,1018,,,59,1.66,116,,,,,,0,800,Clear,sky is clear,01d
1678881600,2023-03-15 12:00:00 +0000 UTC,0,Braga,41.545449,-8.426507,19.02,,9.51,18.39,17.23,19.1,1018,,,54,1.85,141,,,,,,0,800,Clear,sky is clear,01d
1678885200,2023-03-15 13:00:00 +0000 UTC,0,Braga,41.545449,-8.426507,20.19,,6.88,19.36,18.41,20.41,1017,,,42,2.18,165,,,,,,0,800,Clear,sky is clear,01d
1678888800,2023-03-15 14:00:00 +0000 UTC,0,Braga,41.545449,-8.426507,20.49,,6.44,19.64,14.61,21.52,1016,,,40,2.62,175,,,,,,0,800,Clear,sky is clear,01d
1678892400,2023-03-15 15:00:00 +0000 UTC,0,Braga,41.545449,-8.426507,21.26,,6.76,20.46,19.23,22.08,1015,,,39,2.83,175,,,,,,0,800,Clear,sky is clear,01d
1678896000,2023-03-15 16:00:00 +0000 UTC,0,Braga,41.545449,-8.426507,21.08,,8.03,20.37,16.28,23.11,1014,,,43,2.53,185,,,,,,0,800,Clear,sky is clear,01d
1678899600,2023-03-15 17:00:00 +0000 UTC,0,Braga,41.545449,-8.426507,21.03,,8.98,20.39,16.28,21.33,1014,,,46,2.08,228,,,,,,0,800,Clear,sky is clear,01d
1678903200,2023-03-15 18:00:00 +0000 UTC,0,Braga,41.545449,-8.426507,16.05,,9.93,15.46,15.72,16.74,1014,,,67,1.96,261,,,,,,0,800,Clear,sky is clear,01d
1678906800,2023-03-15 19:00:00 +0000 UTC,0,Braga,41.545449,-8.426507,13.91,,7.22,13.03,13.23,15.17,1014,,,64,1.94,283,,,,,,0,800,Clear,sky is clear,01n
1678910400,2023-03-15 20:00:00 +0000 UTC,0,Braga,41.545449,-8.426507,12.9,,7.78,12.1,11.23,14.85,1015,,,71,0.85,328,,,,,,0,800,Clear,sky is clear,01n
1678914000,2023-03-15 21:00:00 +0000 UTC,0,Braga,41.545449,-8.426507,13.38,,7.82,12.58,10.23,14.3,1014,,,69,0.77,86,,,,,,0,800,Clear,sky is clear,01n
1678917600,2023-03-15 22:00:00 +0000 UTC,0,Braga,41.545449,-8.426507,13.38,,7.82,12.58,10.89,13.55,1014,,,69,1.95,106,,,,,,26,802,Clouds,scattered clouds,03n
1678921200,2023-03-15 23:00:00 +0000 UTC,0,Braga,41.545449,-8.426507,10.95,,8.53,10.32,10.23,12.39,1014,,,85,2.0,104,,,,,,83,803,Clouds,broken clouds,04n
1678924800,2023-03-16 00:00:00 +0000 UTC,0,Braga,41.545449,-8.426507,10.49,,8.25,9.84,9.22,11.83,1013,,,86,1.88,103,,,,,,99,804,Clouds,overcast clouds,04n
1678928400,2023-03-16 01:00:00 +0000 UTC,0,Braga,41.545449,-8.426507,10.09,,8.36,9.48,8.11,11.74,1012,,,89,2.0,101,,,,,,98,804,Clouds,overcast clouds,04n
1678932000,2023-03-16 02:00:00 +0000 UTC,0,Braga,41.545449,-8.426507,8.93,,7.38,8.03,7.55,11.19,1012,,,90,1.9,106,,,,,,97,804,Clouds,overcast clouds,04n
1678935600,2023-03-16 03:00:00 +0000 UTC,0,Braga,41.545449,-8.426507,9.13,,7.74,8.27,7.55,11.19,1011,,,91,1.89,118,,,,,,100,804,Clouds,overcast clouds,04n
1678939200,2023-03-16 04:00:00 +0000 UTC,0,Braga,41.545449,-8.426507,9.02,,7.79,8.23,7.0,10.63,1010,,,92,1.8,124,,,,,,100,804,Clouds,overcast clouds,04n
1678942800,2023-03-16 05:00:00 +0000 UTC,0,Braga,41.545449,-8.426507,8.42,,7.2,7.61,7.0,10.08,1010,,,92,1.72,124,,,,,,100,804,Clouds,overcast clouds,04n
1678946400,2023-03-16 06:00:00 +0000 UTC,0,Braga,41.545449,-8.426507,10.62,,6.95,9.77,8.23,10.77,1010,,,78,1.79,130,,,,,,100,804,Clouds,overcast clouds,04n
1678950000,2023-03-16 07:00:00 +0000 UTC,0,Braga,41.545449,-8.426507,10.62,,6.95,9.77,8.23,10.77,1010,,,78,1.43,145,,,,,,100,804,Clouds,overcast clouds,04d
1678953600,2023-03-16 08:00:00 +0000 UTC,0,Braga,41.545449,-8.426507,11.7,,7.81,10.94,9.05,12.08,1011,,,77,1.62,156,,,,,,99,804,Clouds,overcast clouds,04d
1678957200,2023-03-16 09:00:00 +0000 UTC,0,Braga,41.545449,-8.426507,12.36,,8.64,11.69,10.17,13.19,1011,,,78,2.07,175,,,,,,100,804,Clouds,overcast clouds,04d
1678960800,2023-03-16 10:00:00 +0000 UTC,0,Braga,41.545449,-8.426507,13.49,,10.3,13.01,11.83,14.3,1011,,,81,3.31,190,,,,,,100,804,Clouds,overcast clouds,04d
1678964400,2023-03-16 11:00:00 +0000 UTC,0,Braga,41.545449,-8.426507,15.14,,10.94,14.69,12.94,17.08,1010,,,76,3.91,175,,,,,,98,804,Clouds,overcast clouds,04d
1678968000,2023-03-16 12:00:00 +0000 UTC,0,Braga,41.545449,-8.426507,16.89,,10.28,16.33,16.19,18.74,1010,,,65,3.97,174,,,,,,98,804,Clouds,overcast clouds,04d
1678971600,2023-03-16 13:00:00 +0000 UTC,0,Braga,41.545449,-8.426507,18.3,,9.38,17.65,14.23,19.85,1009,,,56,4.33,187,,,,,,100,804,Clouds,overcast clouds,04d
1678975200,2023-03-16 14:00:00 +0000 UTC,0,Braga,41.545449,-8.426507,17.89,,9.77,17.28,14.23,19.77,1008,,,59,4.41,195,,0.5,,,,100,500,Rain,light rain,10d
1678978800,2023-03-16 15:00:00 +0000 UTC,0,Braga,41.545449,-8.426507,16.24,,11.6,15.85,14.05,18.66,1008,,,74,4.38,206,,0.42,,,,97,500,Rain,light rain,10d
1678982400,2023-03-16 16:00:00 +0000 UTC,0,Braga,41.545449,-8.426507,14.65,,11.61,14.31,13.41,15.33,1008,,,82,4.25,216,,0.76,,,,98,500,Rain,light rain,10d
1678986000,2023-03-16 17:00:00 +0000 UTC,0,Braga,41.545449,-8.426507,14.63,,11.22,14.24,13.23,15.89,1009,,,80,3.97,212,,1.24,,,,99,501,Rain,moderate rain,10d
1678989600,2023-03-16 18:00:00 +0000 UTC,0,Braga,41.545449,-8.426507,14.61,,11.2,14.22,12.23,15.33,1009,,,80,3.38,201,,1.6,,,,97,501,Rain,moderate rain,10d
1678993200,2023-03-16 19:00:00 +0000 UTC,0,Braga,41.545449,-8.426507,13.49,,11.2,13.14,12.23,14.22,1009,,,86,3.42,188,,1.85,,,,100,501,Rain,moderate rain,10n
1678996800,2023-03-16 20:00:00 +0000 UTC,0,Braga,41.545449,-8.426507,12.97,,11.7,12.72,11.74,13.66,1009,,,92,3.82,193,,0.99,,,,100,500,Rain,light rain,10n
1679000400,2023-03-16 21:00:00 +0000 UTC,0,Braga,41.545449,-8.426507,12.49,,11.39,12.22,12.3,13.23,1009,,,93,3.54,208,,0.95,,,,100,500,Rain,light rain,10n
1679004000,2023-03-16 22:00:00 +0000 UTC,0,Braga,41.545449,-8.426507,12.48,,11.38,12.21,12.08,13.23,1010,,,93,3.01,195,,0.68,,,,82,500,Rain,light rain,10n
1679007600,2023-03-16 23:00:00 +0000 UTC,0,Braga,41.545449,-8.426507,11.95,,10.85,11.63,11.52,13.23,1010,,,93,2.92,198,,0.33,,,,53,500,Rain,light rain,10n
1679011200,2023-03-17 00:00:00 +0000 UTC,0,Braga,41.545449,-8.426507,11.94,,10.84,11.62,10.96,13.23,1010,,,93,3.19,197,,0.28,,,,49,500,Rain,light rain,10n
1679014800,2023-03-17 01:00:00 +0000 UTC,0,Braga,41.545449,-8.426507,11.93,,10.67,11.58,10.96,13.23,1010,,,92,3.23,200,,0.45,,,,84,500,Rain,light rain,10n
1679018400,2023-03-17 02:00:00 +0000 UTC,0,Braga,41.545449,-8.426507,11.89,,10.8,11.56,11.74,12.39,1010,,,93,3.67,201,,0.38,,,,100,500,Rain,light rain,10n
1679022000,2023-03-17 03:00:00 +0000 UTC,0,Braga,41.545449,-8.426507,11.37,,10.28,10.99,10.63,12.23,1010,,,93,4.12,208,,0.68,,,,100,500,Rain,light rain,10n
1679025600,2023-03-17 04:00:00 +0000 UTC,0,Braga,41.545449,-8.426507,11.5,,10.08,11.08,10.08,12.23,1010,,,91,4.09,205,,0.35,,,,100,500,Rain,light rain,10n
1679029200,2023-03-17 05:00:00 +0000 UTC,0,Braga,41.545449,-8.426507,10.78,,9.53,10.32,10.41,11.28,1010,,,92,3.97,197,,0.6,,,,100,500,Rain,light rain,10n
1679032800,2023-03-17 06:00:00 +0000 UTC,0,Braga,41.545449,-8.426507,10.82,,9.57,10.36,9.85,12.23,1011,,,92,4.25,195,,0.4,,,,100,500,Rain,light rain,10n
1679036400,2023-03-17 07:00:00 +0000 UTC,0,Braga,41.545449,-8.426507,10.85,,9.76,10.42,10.41,12.23,1011,,,93,4.68,198,,0.68,,,,100,500,Rain,light rain,10d
1679040000,2023-03-17 08:00:00 +0000 UTC,0,Braga,41.545449,-8.426507,11.37,,10.28,10.99,10.96,12.23,1011,,,93,5.34,205,,0.51,,,,99,500,Rain,light rain,10d
1679043600,2023-03-17 09:00:00 +0000 UTC,0,Braga,41.545449,-8.426507,11.44,,10.51,11.09,10.41,13.23,1012,,,94,5.64,213,,1.49,,,,76,501,Rain,moderate rain,10d
1679047200,2023-03-17 10:00:00 +0000 UTC,0,Braga,41.545449,-8.426507,11.91,,10.49,11.53,11.52,12.85,1012,,,91,6.55,222,,3.1,,,,60,501,Rain,moderate rain,10d
1679050800,2023-03-17 11:00:00 +0000 UTC,0,Braga,41.545449,-8.426507,11.9,,10.81,11.57,11.19,12.55,1012,,,93,6.76,240,,3.36,,,,56,501,Rain,moderate rain,10d
1679054400,2023-03-17 12:00:00 +0000 UTC,0,Braga,41.545449,-8.426507,12.99,,11.22,12.67,12.08,13.11,1013,,,89,5.14,237,,1.4,,,,91,501,Rain,moderate rain,10d
1679058000,2023-03-17 13:00:00 +0000 UTC,0,Braga,41.545449,-8.426507,13.51,,10.13,13.01,11.52,14.05,1013,,,80,4.75,230,,0.62,,,,75,500,Rain,light rain,10d
1679061600,2023-03-17 14:00:00 +0000 UTC,0,Braga,41.545449,-8.426507,13.56,,10.37,13.09,13.41,14.23,1013,,,81,5.05,223,,1.5,,,,74,501,Rain,moderate rain,10d
1679065200,2023-03-17 15:00:00 +0000 UTC,0,Braga,41.545449,-8.426507,12.55,,9.92,12.05,12.3,14.23,1013,,,84,5.86,233,,1.65,,,,58,501,Rain,moderate rain,10d
1679068800,2023-03-17 16:00:00 +0000 UTC,0,Braga,41.545449,-8.426507,12.25,,10.83,11.91,11.88,14.05,1013,,,91,5.58,242,,1.93,,,,81,501,Rain,moderate rain,10d
1679072400,2023-03-17 17:00:00 +0000 UTC,0,Braga,41.545449,-8.426507,11.95,,10.36,11.55,11.19,13.23,1014,,,90,5.3,246,,1.23,,,,70,501,Rain,moderate rain,10d
1679076000,2023-03-17 18:00:00 +0000 UTC,0,Braga,41.545449,-8.426507,11.45,,9.87,11.0,11.19,13.5,1014,,,90,4.42,243,,0.35,,,,75,500,Rain,light rain,10d
1679079600,2023-03-17 19:00:00 +0000 UTC,0,Braga,41.545449,-8.426507,10.37,,8.97,9.84,10.21,12.94,1014,,,91,3.4,237,,0.31,,,,93,500,Rain,light rain,10n
1679083200,2023-03-17 20:00:00 +0000 UTC,0,Braga,41.545449,-8.426507,10.38,,9.3,9.9,10.21,13.23,1015,,,93,3.3,235,,0.26,,,,90,500,Rain,light rain,10n
1679086800,2023-03-17 21:00:00 +0000 UTC,0,Braga,41.545449,-8.426507,10.36,,9.44,9.91,10.21,12.39,1015,,,94,3.0,237,,0.27,,,,84,500,Rain,light rain,10n
1679090400,2023-03-17 22:00:00 +0000 UTC,0,Braga,41.545449,-8.426507,10.26,,9.18,9.77,10.21,11.23,1016,,,93,3.03,239,,0.17,,,,74,500,Rain,light rain,10n
1679094000,2023-03-17 23:00:00 +0000 UTC,0,Braga,41.545449,-8.426507,10.81,,9.72,10.37,9.85,11.83,1016,,,93,2.47,240,,0.15,,,,60,500,Rain,light rain,10n
1679097600,2023-03-18 00:00:00 +0000 UTC,0,Braga,41.545449,-8.426507,10.95,,10.02,10.56,9.85,11.28,1016,,,94,2.06,243,,0.23,,,,56,500,Rain,light rain,10n
1679101200,2023-03-18 01:00:00 +0000 UTC,0,Braga,41.545449,-8.426507,10.51,,9.1,9.99,9.52,11.28,1016,,,91,2.0,240,,0.56,,,,68,500,Rain,light rain,10n
1679104800,2023-03-18 02:00:00 +0000 UTC,0,Braga,41.545449,-8.426507,10.22,,9.3,9.75,9.52,10.72,1016,,,94,2.05,235,,0.38,,,,62,500,Rain,light rain,10n
1679108400,2023-03-18 03:00:00 +0000 UTC,0,Braga,41.545449,-8.426507,10.26,,9.34,9.8,9.85,11.23,1016,,,94,2.1,235,,0.37,,,,85,500,Rain,light rain,10n
1679112000,2023-03-18 04:00:00 +0000 UTC,0,Braga,41.545449,-8.426507,10.22,,9.3,9.75,9.85,10.72,1016,,,94,2.33,238,,0.46,,,,100,500,Rain,light rain,10n
1679115600,2023-03-18 05:00:00 +0000 UTC,0,Braga,41.545449,-8.426507,10.26,,9.34,9.8,10.08,11.23,1016,,,94,2.38,238,,0.8,,,,100,500,Rain,light rain,10n
1679119200,2023-03-18 06:00:00 +0000 UTC,0,Braga,41.545449,-8.426507,10.26,,9.34,9.8,10.08,11.23,1017,,,94,2.25,249,,0.85,,,,100,500,Rain,light rain,10n
1679122800,2023-03-18 07:00:00 +0000 UTC,0,Braga,41.545449,-8.426507,10.76,,9.99,10.37,10.08,10.96,1017,,,95,2.22,271,,0.9,,,,97,500,Rain,light rain,10d
1679126400,2023-03-18 08:00:00 +0000 UTC,0,Braga,41.545449,-8.426507,10.78,,10.01,10.39,10.08,11.52,1018,,,95,2.18,283,,0.52,,,,81,500,Rain,light rain,10d
1679130000,2023-03-18 09:00:00 +0000 UTC,0,Braga,41.545449,-8.426507,11.36,,10.59,11.03,11.19,13.19,1019,,,95,1.97,287,,0.14,,,,100,500,Rain,light rain,10d
1679133600,2023-03-18 10:00:00 +0000 UTC,0,Braga,41.545449,-8.426507,11.9,,11.13,11.63,11.83,13.23,1019,,,95,2.92,288,,0.11,,,,56,500,Rain,light rain,10d
1679137200,2023-03-18 11:00:00 +0000 UTC,0,Braga,41.545449,-8.426507,12.47,,11.53,12.23,12.3,14.23,1019,,,94,3.66,300,,,,,,70,803,Clouds,broken clouds,04d
1679140800,2023-03-18 12:00:00 +0000 UTC,0,Braga,41.545449,-8.426507,13.51,,12.56,13.37,12.3,14.85,1020,,,94,3.84,299,,,,,,45,802,Clouds,scattered clouds,03d
1679144400,2023-03-18 13:00:00 +0000 UTC,0,Braga,41.545449,-8.426507,13.53,,12.09,13.31,12.94,13.55,1020,,,91,4.04,299,,,,,,83,803,Clouds,broken clouds,04d
1679148000,2023-03-18 14:00:00 +0000 UTC,0,Braga,41.545449,-8.426507,15.1,,11.87,14.78,12.94,15.96,1019,,,81,4.61,298,,,,,,87,804,Clouds,overcast clouds,04d
1679151600,2023-03-18 15:00:00 +0000 UTC,0,Braga,41.545449,-8.426507,15.17,,11.94,14.86,13.5,15.21,1020,,,81,5.13,300,,0.1,,,,90,500,Rain,light rain,10d
1679155200,2023-03-18 16:00:00 +0000 UTC,0,Braga,41.545449,-8.426507,14.6,,11.19,14.2,13.41,16.52,1020,,,80,5.26,305,,0.12,,,,75,500,Rain,light rain,10d
1679158800,2023-03-18 17:00:00 +0000 UTC,0,Braga,41.545449,-8.426507,14.58,,11.36,14.21,13.23,15.41,1020,,,81,4.48,307,,,,,,50,802,Clouds,scattered clouds,03d
1679162400,2023-03-18 18:00:00 +0000 UTC,0,Braga,41.545449,-8.426507,13.49,,10.66,13.06,12.23,14.3,1021,,,83,3.58,309,,,,,,40,802,Clouds,scattered clouds,03d
1679166000,2023-03-18 19:00:00 +0000 UTC,0,Braga,41.545449,-8.426507,12.64,,10.36,12.21,11.19,12.99,1021,,,86,2.32,312,,,,,,45,802,Clouds,scattered clouds,03n
1679169600,2023-03-18 20:00:00 +0000 UTC,0,Braga,41.545449,-8.426507,11.81,,9.89,11.34,10.23,11.88,1022,,,88,2.02,313,,,,,,62,803,Clouds,broken clouds,04n
1679173200,2023-03-18 21:00:00 +0000 UTC,0,Braga,41.545449,-8.426507,11.29,,9.88,10.85,10.08,11.83,1022,,,91,1.85,312,,,,,,77,803,Clouds,broken clouds,04n
1679176800,2023-03-18 22:00:00 +0000 UTC,0,Braga,41.545449,-8.426507,10.72,,9.47,10.25,9.23,11.28,1023,,,92,1.36,310,,,,,,49,802,Clouds,scattered clouds,03n
1679180400,2023-03-18 23:00:00 +0000 UTC,0,Braga,41.545449,-8.426507,10.19,,8.95,9.67,9.23,11.28,1023,,,92,1.23,318,,,,,,37,802,Clouds,scattered clouds,03n
1679184000,2023-03-19 00:00:00 +0000 UTC,0,Braga,41.545449,-8.426507,10.14,,9.06,9.64,8.23,10.72,1024,,,93,1.12,323,,,,,,45,802,Clouds,scattered clouds,03n
1679187600,2023-03-19 01:00:00 +0000 UTC,0,Braga,41.545449,-8.426507,9.63,,8.55,9.11,8.19,10.72,1023,,,93,1.61,2,,,,,,37,802,Clouds,scattered clouds,03n
1679191200,2023-03-19 02:00:00 +0000 UTC,0,Braga,41.545449,-8.426507,9.58,,8.66,9.31,7.23,10.17,1023,,,94,1.37,33,,,,,,69,803,Clouds,broken clouds,04n
1679194800,2023-03-19 03:00:00 +0000 UTC,0,Braga,41.545449,-8.426507,8.52,,7.61,8.52,7.08,9.61,1023,,,94,1.25,12,,,,,,97,804,Clouds,overcast clouds,04n
1679198400,2023-03-19 04:00:00 +0000 UTC,0,Braga,41.545449,-8.426507,8.52,,7.61,8.52,7.08,9.61,1023,,,94,1.2,23,,,,,,94,804,Clouds,overcast clouds,04n
1679202000,2023-03-19 05:00:00 +0000 UTC,0,Braga,41.545449,-8.426507,8.47,,7.56,8.47,6.23,9.05,1023,,,94,1.15,44,,,,,,82,803,Clouds,broken clouds,04n
1679205600,2023-03-19 06:00:00 +0000 UTC,0,Braga,41.545449,-8.426507,7.87,,7.12,7.4,5.23,7.99,1024,,,95,1.35,54,,,,,,73,803,Clouds,broken clouds,04n
1679209200,2023-03-19 07:00:00 +0000 UTC,0,Braga,41.545449,-8.426507,7.87,,6.97,6.98,5.23,7.99,1024,,,94,1.72,65,,,,,,78,803,Clouds,broken clouds,04d
1679212800,2023-03-19 08:00:00 +0000 UTC,0,Braga,41.545449,-8.426507,9.56,,8.8,8.42,6.52,9.66,1024,,,95,2.34,74,,,,,,96,804,Clouds,overcast clouds,04d
1679216400,2023-03-19 09:00:00 +0000 UTC,0,Braga,41.545449,-8.426507,10.16,,9.08,9.66,8.5,10.23,1024,,,93,1.93,76,,,,,,100,804,Clouds,overcast clouds,04d
1679220000,2023-03-19 10:00:00 +0000 UTC,0,Braga,41.545449,-8.426507,12.92,,9.56,12.36,11.23,13.19,1024,,,80,1.98,95,,,,,,100,804,Clouds,overcast clouds,04d
1679223600,2023-03-19 11:00:00 +0000 UTC,0,Braga,41.545449,-8.426507,14.09,,10.51,13.62,12.85,14.85,1024,,,79,1.67,111,,,,,,100,804,Clouds,overcast clouds,04d
1679227200,2023-03-19 12:00:00 +0000 UTC,0,Braga,41.545449,-8.426507,15.17,,9.95,14.6,14.23,17.08,1024,,,71,1.34,123,,,,,,100,804,Clouds,overcast clouds,04d
1679230800,2023-03-19 13:00:00 +0000 UTC,0,Braga,41.545449,-8.426507,16.29,,9.24,15.62,15.23,17.08,1023,,,63,0.92,140,,,,,,100,804,Clouds,overcast clouds,04d
1679234400,2023-03-19 14:00:00 +0000 UTC,0,Braga,41.545449,-8.426507,17.01,,9.69,16.39,14.05,18.19,1022,,,62,0.52,224,,,,,,99,804,Clouds,overcast clouds,04d
1679238000,2023-03-19 15:00:00 +0000 UTC,0,Braga,41.545449,-8.426507,18.82,,9.87,18.22,14.61,19.3,1022,,,56,1.11,278,,,,,,100,804,Clouds,overcast clouds,04d
1679241600,2023-03-19 16:00:00 +0000 UTC,0,Braga,41.545449,-8.426507,18.83,,9.61,18.2,14.61,19.1,1022,,,55,1.8,290,,,,,,100,804,Clouds,overcast clouds,04d
1679245200,2023-03-19 17:00:00 +0000 UTC,0,Braga,41.545449,-8.426507,19.31,,9.22,18.65,14.23,19.66,1022,,,52,2.36,299,,,,,,87,804,Clouds,overcast clouds,04d
1679248800,2023-03-19 18:00:00 +0000 UTC,0,Braga,41.545449,-8.426507,17.19,,11.02,16.71,13.23,17.63,1022,,,67,1.74,309,,,,,,71,803,Clouds,broken clouds,04d
1679252400,2023-03-19 19:00:00 +0000 UTC,0,Braga,41.545449,-8.426507,12.02,,7.93,11.26,11.23,13.5,1023,,,76,1.75,321,,,,,,97,804,Clouds,overcast clouds,04n
1679256000,2023-03-19 20:00:00 +0000 UTC,0,Braga,41.545449,-8.426507,13.38,,10.19,12.89,10.23,14.3,1023,,,81,1.57,357,,,,,,97,804,Clouds,overcast clouds,04n
1679259600,2023-03-19 21:00:00 +0000 UTC,0,Braga,41.545449,-8.426507,12.31,,9.69,11.79,9.23,13.19,1023,,,84,1.75,14,,,,,,73,803,Clouds,broken clouds,04n
1679263200,2023-03-19 22:00:00 +0000 UTC,0,Braga,41.545449,-8.426507,11.73,,9.64,11.23,8.23,12.08,1023,,,87,1.67,34,,,,,,26,802,Clouds,scattered clouds,03n
1679266800,2023-03-19 23:00:00 +0000 UTC,0,Braga,41.545449,-8.426507,11.73,,9.81,11.26,8.23,11.88,1023,,,88,1.37,40,,,,,,30,802,Clouds,scattered clouds,03n
1679270400,2023-03-20 00:00:00 +0000 UTC,0,Braga,41.545449,-8.426507,11.2,,9.29,10.67,8.23,11.33,1023,,,88,1.11,58,,,,,,31,802,Clouds,scattered clouds,03n
1679274000,2023-03-20 01:00:00 +0000 UTC,0,Braga,41.545449,-8.426507,11.7,,9.61,11.2,8.23,11.88,1022,,,87,1.37,81,,,,,,32,802,Clouds,scattered clouds,03n
1679277600,2023-03-20 02:00:00 +0000 UTC,0,Braga,41.545449,-8.426507,11.17,,9.09,10.61,8.23,11.33,1022,,,87,1.53,88,,,,,,37,802,Clouds,scattered clouds,03n
1679281200,2023-03-20 03:00:00 +0000 UTC,0,Braga,41.545449,-8.426507,11.15,,9.24,10.62,8.19,11.33,1021,,,88,1.73,85,,,,,,94,804,Clouds,overcast clouds,04n
1679284800,2023-03-20 04:00:00 +0000 UTC,0,Braga,41.545449,-8.426507,10.61,,8.87,10.05,7.63,10.77,1021,,,89,1.73,77,,,,,,99,804,Clouds,overcast clouds,04n
1679288400,2023-03-20 05:00:00 +0000 UTC,0,Braga,41.545449,-8.426507,7.86,,7.41,7.14,7.23,9.05,1021,,,97,1.56,73,,,,,,96,804,Clouds,overcast clouds,04n
1679292000,2023-03-20 06:00:00 +0000 UTC,0,Braga,41.545449,-8.426507,6.37,,5.78,5.56,5.23,8.5,1022,,,96,1.46,68,,,,,,93,804,Clouds,overcast clouds,04n
1679295600,2023-03-20 07:00:00 +0000 UTC,0,Braga,41.545449,-8.426507,6.83,,6.24,6.83,6.23,7.94,1022,,,96,1.31,55,,,,,,95,804,Clouds,overcast clouds,04d
1679299200,2023-03-20 08:00:00 +0000 UTC,0,Braga,41.545449,-8.426507,12.85,,8.53,12.15,8.23,12.99,1022,,,75,1.38,63,,,,,,99,804,Clouds,overcast clouds,04d
1679302800,2023-03-20 09:00:00 +0000 UTC,0,Braga,41.545449,-8.426507,14.61,,9.42,13.98,11.19,14.66,1022,,,71,0.98,95,,,,,,97,804,Clouds,overcast clouds,04d
1679306400,2023-03-20 10:00:00 +0000 UTC,0,Braga,41.545449,-8.426507,14.63,,9.64,14.03,13.41,14.66,1022,,,72,1.43,134,,,,,,97,804,Clouds,overcast clouds,04d
1679310000,2023-03-20 11:00:00 +0000 UTC,0,Braga,41.545449,-8.426507,16.85,,10.69,16.34,16.23,18.19,1022,,,67,1.94,161,,,,,,95,804,Clouds,overcast clouds,04d
1679313600,2023-03-20 12:00:00 +0000 UTC,0,Braga,41.545449,-8.426507,19.02,,10.58,18.49,17.23,20.96,1022,,,58,2.44,191,,,,,,94,804,Clouds,overcast clouds,04d
1679317200,2023-03-20 13:00:00 +0000 UTC,0,Braga,41.545449,-8.426507,19.95,,10.37,19.41,14.61,21.52,1021,,,54,2.91,213,,,,,,90,804,Clouds,overcast clouds,04d
1679320800,2023-03-20 14:00:00 +0000 UTC,0,Braga,41.545449,-8.426507,20.01,,9.87,19.42,15.72,21.52,1021,,,52,3.06,229,,,,,,64,803,Clouds,broken clouds,04d
1679324400,2023-03-20 15:00:00 +0000 UTC,0,Braga,41.545449,-8.426507,20.44,,9.07,19.79,15.23,20.96,1021,,,48,2.95,242,,,,,,24,801,Clouds,few clouds,02d
1679328000,2023-03-20 16:00:00 +0000 UTC,0,Braga,41.545449,-8.426507,19.91,,9.19,19.26,15.23,20.21,1021,,,50,2.88,257,,,,,,11,801,Clouds,few clouds,02d
1679331600,2023-03-20 17:00:00 +0000 UTC,0,Braga,41.545449,-8.426507,18.82,,9.33,18.17,14.23,19.1,1021,,,54,2.87,272,,,,,,20,801,Clouds,few clouds,02d
1679335200,2023-03-20 18:00:00 +0000 UTC,0,Braga,41.545449,-8.426507,13.93,,9.38,13.31,13.23,17.08,1021,,,74,2.08,281,,,,,,32,802,Clouds,scattered clouds,03d
1679338800,2023-03-20 19:00:00 +0000 UTC,0,Braga,41.545449,-8.426507,12.02,,8.5,11.34,11.23,13.5,1021,,,79,1.92,286,,,,,,26,802,Clouds,scattered clouds,03n
1679342400,2023-03-20 20:00:00 +0000 UTC,0,Braga,41.545449,-8.426507,12.41,,9.96,11.93,10.63,12.44,1021,,,85,1.24,290,,,,,,30,802,Clouds,scattered clouds,03n
1679346000,2023-03-20 21:00:00 +0000 UTC,0,Braga,41.545449,-8.426507,11.31,,9.56,10.82,10.23,12.39,1022,,,89,0.8,297,,,,,,28,802,Clouds,scattered clouds,03n
1679349600,2023-03-20 22:00:00 +0000 UTC,0,Braga,41.545449,-8.426507,11.34,,9.59,10.85,10.63,11.83,1022,,,89,1.01,305,,,,,,15,801,Clouds,few clouds,02n
1679353200,2023-03-20 23:00:00 +0000 UTC,0,Braga,41.545449,-8.426507,10.77,,9.2,10.25,9.52,11.83,1022,,,90,1.07,329,,,,,,52,803,Clouds,broken clouds,04n
1679356800,2023-03-21 00:00:00 +0000 UTC,0,Braga,41.545449,-8.426507,10.28,,9.04,9.77,10.08,11.83,1022,,,92,0.69,36,,,,,,89,804,Clouds,overcast clouds,04n
1679360400,2023-03-21 01:00:00 +0000 UTC,0,Braga,41.545449,-8.426507,10.29,,9.21,9.8,9.85,11.83,1022,,,93,0.84,81,,,,,,100,804,Clouds,overcast clouds,04n
1679364000,2023-03-21 02:00:00 +0000 UTC,0,Braga,41.545449,-8.426507,10.27,,9.19,9.78,9.3,11.28,1022,,,93,1.5,88,,,,,,100,804,Clouds,overcast clouds,04n
1679367600,2023-03-21 03:00:00 +0000 UTC,0,Braga,41.545449,-8.426507,9.75,,8.51,8.96,8.96,11.28,1021,,,92,1.93,94,,,,,,100,804,Clouds,overcast clouds,04n
1679371200,2023-03-21 04:00:00 +0000 UTC,0,Braga,41.545449,-8.426507,9.74,,8.34,8.94,8.96,11.23,1021,,,91,1.94,94,,,,,,100,804,Clouds,overcast clouds,04n
1679374800,2023-03-21 05:00:00 +0000 UTC,0,Braga,41.545449,-8.426507,9.7,,8.46,9.11,8.96,10.72,1021,,,92,1.7,91,,,,,,98,804,Clouds,overcast clouds,04n
1679378400,2023-03-21 06:00:00 +0000 UTC,0,Braga,41.545449,-8.426507,9.7,,8.62,9.17,8.41,10.72,1021,,,93,1.64,97,,,,,,94,804,Clouds,overcast clouds,04n
1679382000,2023-03-21 07:00:00 +0000 UTC,0,Braga,41.545449,-8.426507,9.69,,8.61,9.2,8.96,10.23,1021,,,93,1.59,104,,,,,,95,804,Clouds,overcast clouds,04d
1679385600,2023-03-21 08:00:00 +0000 UTC,0,Braga,41.545449,-8.426507,10.76,,9.68,10.32,9.52,11.23,1021,,,93,1.3,108,,,,,,90,804,Clouds,overcast clouds,04d
1679389200,2023-03-21 09:00:00 +0000 UTC,0,Braga,41.545449,-8.426507,12.91,,10.63,12.5,11.28,12.99,1021,,,86,0.33,131,,,,,,87,804,Clouds,overcast clouds,04d
1679392800,2023-03-21 10:00:00 +0000 UTC,0,Braga,41.545449,-8.426507,13.5,,10.67,13.07,11.83,14.85,1021,,,83,0.32,19,,,,,,78,803,Clouds,broken clouds,04d
1679396400,2023-03-21 11:00:00 +0000 UTC,0,Braga,41.545449,-8.426507,15.17,,10.97,14.73,14.23,17.08,1021,,,76,0.83,302,,,,,,76,803,Clouds,broken clouds,04d
1679400000,2023-03-21 12:00:00 +0000 UTC,0,Braga,41.545449,-8.426507,16.73,,11.24,16.29,13.5,17.63,1021,,,70,1.22,287,,,,,,46,802,Clouds,scattered clouds,03d
1679403600,2023-03-21 13:00:00 +0000 UTC,0,Braga,41.545449,-8.426507,17.8,,9.94,17.2,14.61,19.3,1020,,,60,1.71,278,,,,,,60,803,Clouds,broken clouds,04d
1679407200,2023-03-21 14:00:00 +0000 UTC,0,Braga,41.545449,-8.426507,18.33,,10.69,17.81,15.17,19.85,1019,,,61,2.29,278,,,,,,47,802,Clouds,scattered clouds,03d
1679410800,2023-03-21 15:00:00 +0000 UTC,0,Braga,41.545449,-8.426507,18.29,,9.89,17.69,14.23,19.85,1019,,,58,2.8,281,,,,,,29,802,Clouds,scattered clouds,03d
1679414400,2023-03-21 16:00:00 +0000 UTC,0,Braga,41.545449,-8.426507,18.84,,10.15,18.27,15.17,19.85,1019,,,57,3.34,283,,,,,,26,802,Clouds,scattered clouds,03d
1679418000,2023-03-21 17:00:00 +0000 UTC,0,Braga,41.545449,-8.426507,17.76,,11.78,17.37,14.23,18.74,1019,,,68,3.36,287,,,,,,16,801,Clouds,few clouds,02d
1679421600,2023-03-21 18:00:00 +0000 UTC,0,Braga,41.545449,-8.426507,15.62,,11.21,15.2,13.23,17.08,1019,,,75,2.65,291,,,,,,71,803,Clouds,broken clouds,04d
1679425200,2023-03-21 19:00:00 +0000 UTC,0,Braga,41.545449,-8.426507,13.52,,10.33,13.04,12.23,13.55,1019,,,81,2.21,290,,,,,,100,804,Clouds,overcast clouds,04n
1679428800,2023-03-21 20:00:00 +0000 UTC,0,Braga,41.545449,-8.426507,12.34,,10.07,11.88,11.19,13.74,1020,,,86,1.39,289,,,,,,100,804,Clouds,overcast clouds,04n
1679432400,2023-03-21 21:00:00 +0000 UTC,0,Braga,41.545449,-8.426507,11.31,,9.4,10.79,10.23,12.63,1020,,,88,0.77,264,,,,,,97,804,Clouds,overcast clouds,04n
1679436000,2023-03-21 22:00:00 +0000 UTC,0,Braga,41.545449,-8.426507,11.35,,9.77,10.89,10.63,12.39,1020,,,90,1.19,220,,,,,,99,804,Clouds,overcast clouds,04n
1679439600,2023-03-21 23:00:00 +0000 UTC,0,Braga,41.545449,-8.426507,10.77,,9.36,10.28,10.08,11.83,1020,,,91,1.05,160,,,,,,100,804,Clouds,overcast clouds,04n
1679443200,2023-03-22 00:00:00 +0000 UTC,0,Braga,41.545449,-8.426507,10.25,,9.01,9.73,10.21,11.83,1020,,,92,0.92,153,,,,,,100,804,Clouds,overcast clouds,04n
1679446800,2023-03-22 01:00:00 +0000 UTC,0,Braga,41.545449,-8.426507,10.74,,9.66,10.3,10.08,10.77,1019,,,93,1.34,112,,,,,,98,804,Clouds,overcast clouds,04n
1679450400,2023-03-22 02:00:00 +0000 UTC,0,Braga,41.545449,-8.426507,10.75,,9.5,10.28,9.52,11.28,1018,,,92,1.5,111,,,,,,100,804,Clouds,overcast clouds,04n
1679454000,2023-03-22 03:00:00 +0000 UTC,0,Braga,41.545449,-8.426507,10.71,,9.46,10.24,8.96,11.28,1018,,,92,1.34,98,,,,,,100,804,Clouds,overcast clouds,04n
1679457600,2023-03-22 04:00:00 +0000 UTC,0,Braga,41.545449,-8.426507,9.81,,9.2,9.32,9.23,10.72,1018,,,96,1.61,105,,,,,,100,804,Clouds,overcast clouds,04n
1679461200,2023-03-22 05:00:00 +0000 UTC,0,Braga,41.545449,-8.426507,10.36,,9.59,9.93,9.3,10.72,1017,,,95,1.53,104,,,,,,100,804,Clouds,overcast clouds,04n
1679464800,2023-03-22 06:00:00 +0000 UTC,0,Braga,41.545449,-8.426507,10.32,,9.56,9.89,8.96,10.72,1018,,,95,1.6,112,,,,,,99,804,Clouds,overcast clouds,04n
1679468400,2023-03-22 07:00:00 +0000 UTC,0,Braga,41.545449,-8.426507,9.12,,7.57,8.35,8.41,10.17,1018,,,90,1.79,107,,,,,,96,804,Clouds,overcast clouds,04d
1679472000,2023-03-22 08:00:00 +0000 UTC,0,Braga,41.545449,-8.426507,11.3,,9.05,10.73,9.85,11.33,1018,,,86,1.83,118,,,,,,100,804,Clouds,overcast clouds,04d
1679475600,2023-03-22 09:00:00 +0000 UTC,0,Braga,41.545449,-8.426507,11.87,,9.08,11.28,11.19,12.63,1018,,,83,1.49,156,,,,,,99,804,Clouds,overcast clouds,04d
1679479200,2023-03-22 10:00:00 +0000 UTC,0,Braga,41.545449,-8.426507,13.0,,9.45,12.42,11.83,14.3,1018,,,79,2.51,191,,,,,,100,804,Clouds,overcast clouds,04d
1679482800,2023-03-22 11:00:00 +0000 UTC,0,Braga,41.545449,-8.426507,13.57,,9.43,12.97,13.5,14.23,1018,,,76,3.27,201,,,,,,100,804,Clouds,overcast clouds,04d
1679486400,2023-03-22 12:00:00 +0000 UTC,0,Braga,41.545449,-8.426507,14.09,,9.53,13.49,13.5,14.85,1018,,,74,3.59,212,,,,,,100,804,Clouds,overcast clouds,04d
1679490000,2023-03-22 13:00:00 +0000 UTC,0,Braga,41.545449,-8.426507,14.62,,9.63,14.02,13.96,15.41,1018,,,72,3.87,214,,,,,,100,804,Clouds,overcast clouds,04d
1679493600,2023-03-22 14:00:00 +0000 UTC,0,Braga,41.545449,-8.426507,15.17,,9.95,14.6,13.96,15.96,1017,,,71,3.97,213,,,,,,100,804,Clouds,overcast clouds,04d
1679497200,2023-03-22 15:00:00 +0000 UTC,0,Braga,41.545449,-8.426507,15.67,,9.79,15.07,14.23,16.52,1017,,,68,4.17,216,,,,,,100,804,Clouds,overcast clouds,04d
1679500800,2023-03-22 16:00:00 +0000 UTC,0,Braga,41.545449,-8.426507,15.71,,10.26,15.16,13.96,15.96,1017,,,70,4.21,219,,,,,,100,804,Clouds,overcast clouds,04d
1679504400,2023-03-22 17:00:00 +0000 UTC,0,Braga,41.545449,-8.426507,15.17,,9.74,14.57,14.23,15.21,1016,,,70,3.65,214,,,,,,98,804,Clouds,overcast clouds,04d
1679508000,2023-03-22 18:00:00 +0000 UTC,0,Braga,41.545449,-8.426507,14.6,,10.02,14.05,13.23,14.66,1017,,,74,2.95,211,,,,,,97,804,Clouds,overcast clouds,04d
1679511600,2023-03-22 19:00:00 +0000 UTC,0,Braga,41.545449,-8.426507,13.51,,10.5,13.06,12.85,14.05,1017,,,82,2.42,196,,,,,,93,804,Clouds,overcast clouds,04n
1679515200,2023-03-22 20:00:00 +0000 UTC,0,Braga,41.545449,-8.426507,12.49,,9.86,11.99,12.3,13.5,1017,,,84,2.71,177,,,,,,78,803,Clouds,broken clouds,04n
1679518800,2023-03-22 21:00:00 +0000 UTC,0,Braga,41.545449,-8.426507,12.47,,10.02,11.99,11.74,13.23,1017,,,85,3.02,171,,,,,,84,803,Clouds,broken clouds,04n
1679522400,2023-03-22 22:00:00 +0000 UTC,0,Braga,41.545449,-8.426507,12.47,,10.37,12.04,11.74,13.23,1017,,,87,2.93,173,,,,,,91,804,Clouds,overcast clouds,04n
1679526000,2023-03-22 23:00:00 +0000 UTC,0,Braga,41.545449,-8.426507,11.95,,10.03,11.5,11.74,13.23,1017,,,88,2.99,169,,,,,,93,804,Clouds,overcast clouds,04n
1679529600,2023-03-23 00:00:00 +0000 UTC,0,Braga,41.545449,-8.426507,12.47,,10.71,12.1,11.74,13.23,1017,,,89,2.95,163,,,,,,92,804,Clouds,overcast clouds,04n
1679533200,2023-03-23 01:00:00 +0000 UTC,0,Braga,41.545449,-8.426507,11.95,,10.2,11.52,11.19,13.23,1016,,,89,2.94,158,,,,,,95,804,Clouds,overcast clouds,04n
1679536800,2023-03-23 02:00:00 +0000 UTC,0,Braga,41.545449,-8.426507,11.94,,10.35,11.54,11.19,13.23,1016,,,90,2.89,155,,,,,,100,804,Clouds,overcast clouds,04n
1679540400,2023-03-23 03:00:00 +0000 UTC,0,Braga,41.545449,-8.426507,11.94,,10.19,11.51,11.19,13.23,1015,,,89,2.6,153,,,,,,100,804,Clouds,overcast clouds,04n
1679544000,2023-03-23 04:00:00 +0000 UTC,0,Braga,41.545449,-8.426507,11.9,,10.15,11.47,11.74,12.63,1015,,,89,2.47,152,,,,,,100,804,Clouds,overcast clouds,04n
1679547600,2023-03-23 05:00:00 +0000 UTC,0,Braga,41.545449,-8.426507,11.39,,9.81,10.93,11.33,12.63,1014,,,90,2.77,149,,,,,,100,804,Clouds,overcast clouds,04n
1679551200,2023-03-23 06:00:00 +0000 UTC,0,Braga,41.545449,-8.426507,11.9,,10.15,11.47,11.19,12.63,1014,,,89,2.71,148,,,,,,100,804,Clouds,overcast clouds,04n
1679554800,2023-03-23 07:00:00 +0000 UTC,0,Braga,41.545449,-8.426507,11.9,,9.98,11.44,11.74,12.63,1014,,,88,2.99,152,,,,,,100,804,Clouds,overcast clouds,04d
1679558400,2023-03-23 08:00:00 +0000 UTC,0,Braga,41.545449,-8.426507,11.94,,10.02,11.49,11.74,13.23,1014,,,88,3.7,158,,,,,,100,804,Clouds,overcast clouds,04d
1679562000,2023-03-23 09:00:00 +0000 UTC,0,Braga,41.545449,-8.426507,12.99,,10.53,12.56,12.85,13.23,1015,,,85,3.76,170,,0.18,,,,100,500,Rain,light rain,10d
1679565600,2023-03-23 10:00:00 +0000 UTC,0,Braga,41.545449,-8.426507,14.08,,11.6,13.76,13.41,15.41,1015,,,85,5.21,184,,0.27,,,,100,500,Rain,light rain,10d
1679569200,2023-03-23 11:00:00 +0000 UTC,0,Braga,41.545449,-8.426507,14.08,,11.42,13.74,13.41,14.3,1015,,,84,5.88,188,,0.23,,,,100,500,Rain,light rain,10d
1679572800,2023-03-23 12:00:00 +0000 UTC,0,Braga,41.545449,-8.426507,14.58,,12.09,14.31,13.23,14.66,1015,,,85,5.75,187,,0.18,,,,100,500,Rain,light rain,10d
1679576400,2023-03-23 13:00:00 +0000 UTC,0,Braga,41.545449,-8.426507,14.06,,11.76,13.77,13.23,15.41,1015,,,86,5.57,191,,0.44,,,,100,500,Rain,light rain,10d
1679580000,2023-03-23 14:00:00 +0000 UTC,0,Braga,41.545449,-8.426507,14.1,,12.32,13.89,13.41,14.85,1015,,,89,5.82,198,,0.55,,,,100,500,Rain,light rain,10d
1679583600,2023-03-23 15:00:00 +0000 UTC,0,Braga,41.545449,-8.426507,14.11,,12.33,13.9,13.41,14.85,1014,,,89,6.28,201,,0.45,,,,100,500,Rain,light rain,10d
1679587200,2023-03-23 16:00:00 +0000 UTC,0,Braga,41.545449,-8.426507,14.11,,11.98,13.85,13.96,14.61,1014,,,87,5.84,201,,0.5,,,,100,500,Rain,light rain,10d
1679590800,2023-03-23 17:00:00 +0000 UTC,0,Braga,41.545449,-8.426507,14.11,,12.5,13.93,13.74,14.61,1014,,,90,6.07,205,,0.41,,,,100,500,Rain,light rain,10d
1679594400,2023-03-23 18:00:00 +0000 UTC,0,Braga,41.545449,-8.426507,13.58,,12.31,13.4,12.85,14.23,1014,,,92,6.25,207,,0.3,,,,100,500,Rain,light rain,10d
1679598000,2023-03-23 19:00:00 +0000 UTC,0,Braga,41.545449,-8.426507,13.01,,11.91,12.79,12.85,13.5,1015,,,93,5.56,203,,0.49,,,,100,500,Rain,light rain,10n
1679601600,2023-03-23 20:00:00 +0000 UTC,0,Braga,41.545449,-8.426507,13.0,,11.9,12.78,12.3,13.5,1015,,,93,5.44,198,,0.67,,,,100,500,Rain,light rain,10n
1679605200,2023-03-23 21:00:00 +0000 UTC,0,Braga,41.545449,-8.426507,12.99,,11.89,12.77,12.94,13.23,1015,,,93,5.47,198,,1.12,,,,100,501,Rain,moderate rain,10n
1679608800,2023-03-23 22:00:00 +0000 UTC,0,Braga,41.545449,-8.426507,13.51,,12.4,13.34,12.3,13.74,1015,,,93,5.05,197,,1.32,,,,100,501,Rain,moderate rain,10n
1679612400,2023-03-23 23:00:00 +0000 UTC,0,Braga,41.545449,-8.426507,13.57,,12.62,13.44,12.85,14.23,1015,,,94,5.02,200,,1.48,,,,100,501,Rain,moderate rain,10n
1679616000,2023-03-24 00:00:00 +0000 UTC,0,Braga,41.545449,-8.426507,13.54,,12.59,13.4,13.41,13.74,1015,,,94,5.11,211,,1.44,,,,100,501,Rain,moderate rain,10n
1679619600,2023-03-24 01:00:00 +0000 UTC,0,Braga,41.545449,-8.426507,13.54,,12.59,13.4,13.41,13.74,1015,,,94,4.41,225,,1.29,,,,100,501,Rain,moderate rain,10n
1679623200,2023-03-24 02:00:00 +0000 UTC,0,Braga,41.545449,-8.426507,14.08,,13.13,14.0,13.41,14.23,1016,,,94,3.44,238,,1.27,,,,100,501,Rain,moderate rain,10n
1679626800,2023-03-24 03:00:00 +0000 UTC,0,Braga,41.545449,-8.426507,13.5,,12.55,13.36,12.23,13.55,1015,,,94,2.52,252,,0.85,,,,100,500,Rain,light rain,10n
1679630400,2023-03-24 04:00:00 +0000 UTC,0,Braga,41.545449,-8.426507,12.42,,11.48,12.17,11.74,12.44,1016,,,94,2.19,272,,0.26,,,,100,500,Rain,light rain,10n
1679634000,2023-03-24 05:00:00 +0000 UTC,0,Braga,41.545449,-8.426507,11.29,,10.36,10.93,10.23,11.83,1016,,,94,1.8,278,,,,,,97,804,Clouds,overcast clouds,04n
1679637600,2023-03-24 06:00:00 +0000 UTC,0,Braga,41.545449,-8.426507,10.76,,9.83,10.35,10.08,11.28,1017,,,94,1.48,283,,,,,,79,803,Clouds,broken clouds,04n
1679641200,2023-03-24 07:00:00 +0000 UTC,0,Braga,41.545449,-8.426507,10.79,,10.02,10.41,9.85,11.28,1018,,,95,1.31,290,,,,,,32,802,Clouds,scattered clouds,03d
1679644800,2023-03-24 08:00:00 +0000 UTC,0,Braga,41.545449,-8.426507,11.33,,10.56,11.0,10.63,11.83,1019,,,95,1.4,297,,,,,,38,802,Clouds,scattered clouds,03d
1679648400,2023-03-24 09:00:00 +0000 UTC,0,Braga,41.545449,-8.426507,11.98,,11.2,11.71,11.88,14.23,1020,,,95,2.17,288,,,,,,22,801,Clouds,few clouds,02d
1679652000,2023-03-24 10:00:00 +0000 UTC,0,Braga,41.545449,-8.426507,13.56,,12.12,13.35,12.94,14.85,1021,,,91,2.43,277,,,,,,51,803,Clouds,broken clouds,04d
1679655600,2023-03-24 11:00:00 +0000 UTC,0,Braga,41.545449,-8.426507,14.61,,10.63,14.14,13.5,15.41,1021,,,77,3.15,269,,,,,,60,803,Clouds,broken clouds,04d
1679659200,2023-03-24 12:00:00 +0000 UTC,0,Braga,41.545449,-8.426507,16.22,,10.75,15.73,14.05,16.33,1022,,,70,3.7,265,,,,,,49,802,Clouds,scattered clouds,03d
1679662800,2023-03-24 13:00:00 +0000 UTC,0,Braga,41.545449,-8.426507,15.72,,9.84,15.12,14.61,15.96,1022,,,68,3.82,265,,,,,,71,803,Clouds,broken clouds,04d
1679666400,2023-03-24 14:00:00 +0000 UTC,0,Braga,41.545449,-8.426507,16.76,,9.45,16.11,14.52,16.88,1022,,,62,3.93,268,,,,,,77,803,Clouds,broken clouds,04d
1679670000,2023-03-24 15:00:00 +0000 UTC,0,Braga,41.545449,-8.426507,15.77,,9.44,15.13,15.17,16.23,1022,,,66,3.72,269,,,,,,77,803,Clouds,broken clouds,04d
1679673600,2023-03-24 16:00:00 +0000 UTC,0,Braga,41.545449,-8.426507,16.76,,9.92,16.16,15.08,16.88,1022,,,64,3.36,267,,,,,,64,803,Clouds,broken clouds,04d
1679677200,2023-03-24 17:00:00 +0000 UTC,0,Braga,41.545449,-8.426507,15.73,,9.18,15.06,14.85,15.77,1022,,,65,3.24,268,,,,,,50,802,Clouds,scattered clouds,03d
1679680800,2023-03-24 18:00:00 +0000 UTC,0,Braga,41.545449,-8.426507,15.15,,8.85,14.44,13.74,15.21,1023,,,66,2.75,274,,,,,,58,803,Clouds,broken clouds,04d
1679684400,2023-03-24 19:00:00 +0000 UTC,0,Braga,41.545449,-8.426507,13.51,,9.56,12.93,12.08,14.05,1023,,,77,1.96,270,,,,,,59,803,Clouds,broken clouds,04n
1679688000,2023-03-24 20:00:00 +0000 UTC,0,Braga,41.545449,-8.426507,11.89,,8.74,11.25,10.41,13.5,1024,,,81,1.83,254,,,,,,60,803,Clouds,broken clouds,04n
1679691600,2023-03-24 21:00:00 +0000 UTC,0,Braga,41.545449,-8.426507,11.32,,9.07,10.75,9.3,12.94,1024,,,86,1.44,245,,,,,,58,803,Clouds,broken clouds,04n
1679695200,2023-03-24 22:00:00 +0000 UTC,0,Braga,41.545449,-8.426507,10.75,,8.68,10.15,8.74,12.39,1024,,,87,0.3,315,,,,,,43,802,Clouds,scattered clouds,03n
1679698800,2023-03-24 23:00:00 +0000 UTC,0,Braga,41.545449,-8.426507,10.17,,8.44,9.57,7.63,11.83,1025,,,89,0.29,114,,,,,,36,802,Clouds,scattered clouds,03n
1679702400,2023-03-25 00:00:00 +0000 UTC,0,Braga,41.545449,-8.426507,10.17,,8.77,9.62,7.08,11.83,1025,,,91,0.93,106,,,,,,30,802,Clouds,scattered clouds,03n
1679706000,2023-03-25 01:00:00 +0000 UTC,0,Braga,41.545449,-8.426507,9.64,,8.24,9.64,6.52,11.28,1025,,,91,1.27,103,,,,,,27,802,Clouds,scattered clouds,03n
1679709600,2023-03-25 02:00:00 +0000 UTC,0,Braga,41.545449,-8.426507,9.62,,8.39,9.08,5.96,10.72,1024,,,92,1.63,106,,,,,,30,802,Clouds,scattered clouds,03n
1679713200,2023-03-25 03:00:00 +0000 UTC,0,Braga,41.545449,-8.426507,9.08,,7.69,8.56,4.85,10.17,1024,,,91,1.54,112,,,,,,32,802,Clouds,scattered clouds,03n
1679716800,2023-03-25 04:00:00 +0000 UTC,0,Braga,41.545449,-8.426507,8.52,,7.14,7.65,4.85,9.61,1023,,,91,1.8,103,,,,,,91,804,Clouds,overcast clouds,04n
1679720400,2023-03-25 05:00:00 +0000 UTC,0,Braga,41.545449,-8.426507,8.39,,7.94,7.03,4.3,9.05,1023,,,97,2.35,99,,,,,,100,804,Clouds,overcast clouds,04n
1679724000,2023-03-25 06:00:00 +0000 UTC,0,Braga,41.545449,-8.426507,8.18,,7.88,6.8,4.3,8.5,1023,,,98,2.33,99,,,,,,99,804,Clouds,overcast clouds,04n
1679727600,2023-03-25 07:00:00 +0000 UTC,0,Braga,41.545449,-8.426507,9.07,,7.52,7.71,6.19,9.1,1023,,,90,2.51,94,,,,,,97,804,Clouds,overcast clouds,04d
1679731200,2023-03-25 08:00:00 +0000 UTC,0,Braga,41.545449,-8.426507,10.76,,8.34,10.11,8.5,10.77,1024,,,85,2.44,100,,,,,,97,804,Clouds,overcast clouds,04d
1679734800,2023-03-25 09:00:00 +0000 UTC,0,Braga,41.545449,-8.426507,12.92,,9.18,12.3,9.61,12.99,1024,,,78,2.18,119,,,,,,97,804,Clouds,overcast clouds,04d
1679738400,2023-03-25 10:00:00 +0000 UTC,0,Braga,41.545449,-8.426507,14.1,,9.54,13.5,12.63,14.23,1024,,,74,2.72,149,,,,,,95,804,Clouds,overcast clouds,04d
1679742000,2023-03-25 11:00:00 +0000 UTC,0,Braga,41.545449,-8.426507,15.21,,8.91,14.51,15.08,15.96,1024,,,66,3.65,173,,,,,,98,804,Clouds,overcast clouds,04d
1679745600,2023-03-25 12:00:00 +0000 UTC,0,Braga,41.545449,-8.426507,15.69,,8.44,14.93,13.5,17.08,1023,,,62,4.23,187,,,,,,100,804,Clouds,overcast clouds,04d
1679749200,2023-03-25 13:00:00 +0000 UTC,0,Braga,41.545449,-8.426507,16.79,,9.48,16.14,14.61,16.88,1023,,,62,4.62,199,,,,,,100,804,Clouds,overcast clouds,04d
1679752800,2023-03-25 14:00:00 +0000 UTC,0,Braga,41.545449,-8.426507,16.2,,9.39,15.55,14.23,16.33,1023,,,64,4.92,206,,,,,,100,804,Clouds,overcast clouds,04d
1679756400,2023-03-25 15:00:00 +0000 UTC,0,Braga,41.545449,-8.426507,15.15,,8.85,14.44,14.23,15.21,1023,,,66,5.3,208,,,,,,100,804,Clouds,overcast clouds,04d
1679760000,2023-03-25 16:00:00 +0000 UTC,0,Braga,41.545449,-8.426507,14.65,,9.87,14.08,13.96,14.66,1022,,,73,5.53,207,,,,,,100,804,Clouds,overcast clouds,04d
1679763600,2023-03-25 17:00:00 +0000 UTC,0,Braga,41.545449,-8.426507,14.1,,11.44,13.76,14.1,14.61,1022,,,84,6.12,211,,,,,,100,804,Clouds,overcast clouds,04d
1679767200,2023-03-25 18:00:00 +0000 UTC,0,Braga,41.545449,-8.426507,13.06,,11.63,12.8,12.08,14.23,1022,,,91,4.96,209,,0.23,,,,100,500,Rain,light rain,10d
1679770800,2023-03-25 19:00:00 +0000 UTC,0,Braga,41.545449,-8.426507,13.06,,11.79,12.82,12.63,14.23,1022,,,92,4.89,212,,0.46,,,,100,500,Rain,light rain,10n
1679774400,2023-03-25 20:00:00 +0000 UTC,0,Braga,41.545449,-8.426507,13.59,,12.32,13.41,13.19,14.23,1022,,,92,4.99,216,,0.81,,,,100,500,Rain,light rain,10n
1679778000,2023-03-25 21:00:00 +0000 UTC,0,Braga,41.545449,-8.426507,14.1,,12.99,13.99,13.96,14.23,1022,,,93,4.66,229,,1.02,,,,100,501,Rain,moderate rain,10n
1679781600,2023-03-25 22:00:00 +0000 UTC,0,Braga,41.545449,-8.426507,14.1,,13.15,14.02,14.05,14.3,1022,,,94,4.22,250,,0.81,,,,99,500,Rain,light rain,10n
1679785200,2023-03-25 23:00:00 +0000 UTC,0,Braga,41.545449,-8.426507,13.75,,12.8,13.63,12.23,14.1,1023,,,94,3.39,272,,0.69,,,,80,500,Rain,light rain,10n
1679788800,2023-03-26 00:00:00 +0000 UTC,0,Braga,41.545449,-8.426507,12.46,,11.52,12.22,11.74,13.23,1023,,,94,2.66,290,,0.17,,,,56,500,Rain,light rain,10n
1679792400,2023-03-26 01:00:00 +0000 UTC,3600,Braga,41.545449,-8.426507,11.94,,11.17,11.67,11.52,13.23,1023,,,95,2.42,302,,,,,,48,802,Clouds,scattered clouds,03n
1679796000,2023-03-26 02:00:00 +0000 UTC,3600,Braga,41.545449,-8.426507,11.9,,10.97,11.6,10.96,12.39,1023,,,94,2.11,299,,,,,,38,802,Clouds,scattered clouds,03n
1679799600,2023-03-26 03:00:00 +0000 UTC,3600,Braga,41.545449,-8.426507,11.37,,10.6,11.04,10.41,12.23,1023,,,95,1.87,291,,,,,,45,802,Clouds,scattered clouds,03n
1679803200,2023-03-26 04:00:00 +0000 UTC,3600,Braga,41.545449,-8.426507,11.35,,10.58,11.02,9.85,12.39,1023,,,95,1.69,293,,,,,,46,802,Clouds,scattered clouds,03n
1679806800,2023-03-26 05:00:00 +0000 UTC,3600,Braga,41.545449,-8.426507,10.77,,10.0,10.38,9.85,11.83,1023,,,95,1.74,307,,,,,,51,803,Clouds,broken clouds,04n
1679810400,2023-03-26 06:00:00 +0000 UTC,3600,Braga,41.545449,-8.426507,10.73,,9.96,10.34,9.23,11.83,1024,,,95,2.04,305,,,,,,48,802,Clouds,scattered clouds,03n
1679814000,2023-03-26 07:00:00 +0000 UTC,3600,Braga,41.545449,-8.426507,9.64,,8.88,9.38,8.74,9.66,1025,,,95,1.37,302,,,,,,53,803,Clouds,broken clouds,04d
1679817600,2023-03-26 08:00:00 +0000 UTC,3600,Braga,41.545449,-8.426507,10.28,,9.52,9.84,10.08,12.08,1025,,,95,1.61,303,,,,,,77,803,Clouds,broken clouds,04d
1679821200,2023-03-26 09:00:00 +0000 UTC,3600,Braga,41.545449,-8.426507,11.91,,10.16,11.48,11.88,13.19,1026,,,89,3.29,313,,,,,,68,803,Clouds,broken clouds,04d
1679824800,2023-03-26 10:00:00 +0000 UTC,3600,Braga,41.545449,-8.426507,12.99,,9.63,12.43,12.94,13.41,1026,,,80,3.52,312,,,,,,69,803,Clouds,broken clouds,04d
1679828400,2023-03-26 11:00:00 +0000 UTC,3600,Braga,41.545449,-8.426507,14.07,,8.69,13.36,12.94,14.85,1026,,,70,3.52,312,,,,,,88,804,Clouds,overcast clouds,04d
1679832000,2023-03-26 12:00:00 +0000 UTC,3600,Braga,41.545449,-8.426507,15.16,,7.94,14.35,13.5,16.52,1026,,,62,3.26,309,,,,,,86,804,Clouds,overcast clouds,04d
1679835600,2023-03-26 13:00:00 +0000 UTC,3600,Braga,41.545449,-8.426507,16.25,,8.73,15.52,14.23,17.63,1026,,,61,3.51,309,,,,,,68,803,Clouds,broken clouds,04d
1679839200,2023-03-26 14:00:00 +0000 UTC,3600,Braga,41.545449,-8.426507,17.04,,8.47,16.29,14.23,17.63,1026,,,57,3.73,314,,,,,,48,802,Clouds,scattered clouds,03d
1679842800,2023-03-26 15:00:00 +0000 UTC,3600,Braga,41.545449,-8.426507,17.35,,7.69,16.52,15.23,17.63,1026,,,53,3.54,317,,,,,,22,801,Clouds,few clouds,02d
1679846400,2023-03-26 16:00:00 +0000 UTC,3600,Braga,41.545449,-8.426507,17.31,,7.65,16.48,14.23,17.44,1025,,,53,3.38,320,,,,,,2,800,Clear,sky is clear,01d
1679850000,2023-03-26 17:00:00 +0000 UTC,3600,Braga,41.545449,-8.426507,17.3,,8.71,16.57,14.23,17.44,1025,,,57,3.18,323,,,,,,1,800,Clear,sky is clear,01d
1679853600,2023-03-26 18:00:00 +0000 UTC,3600,Braga,41.545449,-8.426507,15.4,,9.09,14.72,13.23,15.77,1025,,,66,2.37,320,,,,,,1,800,Clear,sky is clear,01d
1679857200,2023-03-26 19:00:00 +0000 UTC,3600,Braga,41.545449,-8.426507,12.62,,7.51,11.79,11.23,13.61,1026,,,71,2.19,314,,,,,,0,800,Clear,sky is clear,01n
1679860800,2023-03-26 20:00:00 +0000 UTC,3600,Braga,41.545449,-8.426507,10.98,,5.93,9.99,10.23,12.39,1026,,,71,2.0,327,,,,,,12,801,Clouds,few clouds,02n
1679864400,2023-03-26 21:00:00 +0000 UTC,3600,Braga,41.545449,-8.426507,10.32,,6.28,9.39,9.23,11.83,1026,,,76,1.8,352,,,,,,5,800,Clear,sky is clear,01n
1679868000,2023-03-26 22:00:00 +0000 UTC,3600,Braga,41.545449,-8.426507,10.07,,7.49,9.33,9.23,11.28,1026,,,84,1.72,10,,,,,,10,800,Clear,sky is clear,01n
1679871600,2023-03-26 23:00:00 +0000 UTC,3600,Braga,41.545449,-8.426507,10.16,,7.93,9.48,8.19,11.28,1026,,,86,2.09,33,,,,,,49,802,Clouds,scattered clouds,03n
1679875200,2023-03-27 00:00:00 +0000 UTC,3600,Braga,41.545449,-8.426507,10.15,,7.92,9.47,7.63,11.28,1026,,,86,2.05,40,,,,,,65,803,Clouds,broken clouds,04n
1679878800,2023-03-27 01:00:00 +0000 UTC,3600,Braga,41.545449,-8.426507,9.59,,7.37,8.75,7.08,10.72,1025,,,86,1.96,41,,,,,,69,803,Clouds,broken clouds,04n
1679882400,2023-03-27 02:00:00 +0000 UTC,3600,Braga,41.545449,-8.426507,7.88,,6.18,6.82,6.23,10.17,1025,,,89,1.89,46,,,,,,67,803,Clouds,broken clouds,04n
1679886000,2023-03-27 03:00:00 +0000 UTC,3600,Braga,41.545449,-8.426507,8.18,,6.48,7.14,5.96,9.61,1025,,,89,1.93,56,,,,,,10,800,Clear,sky is clear,01n
1679889600,2023-03-27 04:00:00 +0000 UTC,3600,Braga,41.545449,-8.426507,8.18,,6.31,6.95,5.41,9.61,1024,,,88,2.14,62,,,,,,0,800,Clear,sky is clear,01n
1679893200,2023-03-27 05:00:00 +0000 UTC,3600,Braga,41.545449,-8.426507,7.92,,6.22,6.46,4.85,9.05,1024,,,89,2.37,65,,,,,,1,800,Clear,sky is clear,01n
1679896800,2023-03-27 06:00:00 +0000 UTC,3600,Braga,41.545449,-8.426507,7.76,,5.9,6.41,4.85,8.5,1023,,,88,2.2,69,,,,,,1,800,Clear,sky is clear,01n
1679900400,2023-03-27 07:00:00 +0000 UTC,3600,Braga,41.545449,-8.426507,7.67,,5.65,5.95,7.23,8.96,1024,,,87,2.65,72,,,,,,4,800,Clear,sky is clear,01d
1679904000,2023-03-27 08:00:00 +0000 UTC,3600,Braga,41.545449,-8.426507,10.47,,7.17,9.66,9.05,11.23,1024,,,80,2.86,77,,,,,,0,800,Clear,sky is clear,01d
1679907600,2023-03-27 09:00:00 +0000 UTC,3600,Braga,41.545449,-8.426507,14.04,,4.89,12.91,10.17,14.1,1024,,,54,2.21,83,,,,,,0,800,Clear,sky is clear,01d
1679911200,2023-03-27 10:00:00 +0000 UTC,3600,Braga,41.545449,-8.426507,15.72,,5.34,14.65,11.83,15.77,1024,,,50,2.59,96,,,,,,0,800,Clear,sky is clear,01d
1679914800,2023-03-27 11:00:00 +0000 UTC,3600,Braga,41.545449,-8.426507,17.69,,4.97,16.64,16.74,17.99,1024,,,43,2.64,109,,,,,,0,800,Clear,sky is clear,01d
1679918400,2023-03-27 12:00:00 +0000 UTC,3600,Braga,41.545449,-8.426507,19.6,,5.65,18.66,18.23,19.85,1023,,,40,2.32,128,,,,,,0,800,Clear,sky is clear,01d
1679922000,2023-03-27 13:00:00 +0000 UTC,3600,Braga,41.545449,-8.426507,20.4,,5.62,19.49,18.23,21.52,1023,,,38,1.94,152,,,,,,0,800,Clear,sky is clear,01d
1679925600,2023-03-27 14:00:00 +0000 UTC,3600,Braga,41.545449,-8.426507,21.58,,7.42,20.84,16.83,23.19,1022,,,40,1.65,181,,,,,,1,800,Clear,sky is clear,01d
1679929200,2023-03-27 15:00:00 +0000 UTC,3600,Braga,41.545449,-8.426507,22.05,,5.9,21.22,16.23,23.19,1022,,,35,1.47,190,,,,,,11,801,Clouds,few clouds,02d
1679932800,2023-03-27 16:00:00 +0000 UTC,3600,Braga,41.545449,-8.426507,22.61,,4.64,21.74,17.23,22.99,1021,,,31,1.22,218,,,,,,76,803,Clouds,broken clouds,04d
1679936400,2023-03-27 17:00:00 +0000 UTC,3600,Braga,41.545449,-8.426507,22.28,,5.68,21.45,15.23,22.99,1021,,,34,1.64,268,,,,,,95,804,Clouds,overcast clouds,04d
1679940000,2023-03-27 18:00:00 +0000 UTC,3600,Braga,41.545449,-8.426507,18.85,,9.08,18.17,14.23,19.85,1021,,,53,1.48,289,,,,,,98,804,Clouds,overcast clouds,04d
1679943600,2023-03-27 19:00:00 +0000 UTC,3600,Braga,41.545449,-8.426507,14.1,,5.21,13.0,13.23,15.72,1021,,,55,1.77,313,,,,,,97,804,Clouds,overcast clouds,04n
1679947200,2023-03-27 20:00:00 +0000 UTC,3600,Braga,41.545449,-8.426507,13.47,,6.11,12.47,12.23,16.52,1021,,,61,1.33,355,,,,,,99,804,Clouds,overcast clouds,04n
1679950800,2023-03-27 21:00:00 +0000 UTC,3600,Braga,41.545449,-8.426507,12.71,,7.18,11.84,11.23,14.85,1022,,,69,1.17,29,,,,,,98,804,Clouds,overcast clouds,04n
1679954400,2023-03-27 22:00:00 +0000 UTC,3600,Braga,41.545449,-8.426507,14.63,,9.85,14.05,12.3,14.66,1022,,,73,1.27,49,,,,,,49,802,Clouds,scattered clouds,03n
1679958000,2023-03-27 23:00:00 +0000 UTC,3600,Braga,41.545449,-8.426507,14.49,,9.3,13.85,11.23,14.66,1022,,,71,1.55,84,,,,,,1,800,Clear,sky is clear,01n
1679961600,2023-03-28 00:00:00 +0000 UTC,3600,Braga,41.545449,-8.426507,13.95,,8.99,13.28,11.23,14.1,1022,,,72,1.83,90,,,,,,0,800,Clear,sky is clear,01n
1679965200,2023-03-28 01:00:00 +0000 UTC,3600,Braga,41.545449,-8.426507,13.79,,7.56,12.95,10.96,14.1,1021,,,66,1.64,83,,,,,,0,800,Clear,sky is clear,01n
1679968800,2023-03-28 02:00:00 +0000 UTC,3600,Braga,41.545449,-8.426507,11.41,,7.72,10.64,10.63,11.83,1021,,,78,1.84,80,,,,,,0,800,Clear,sky is clear,01n
1679972400,2023-03-28 03:00:00 +0000 UTC,3600,Braga,41.545449,-8.426507,11.2,,8.24,10.52,10.41,11.28,1021,,,82,1.99,80,,,,,,3,800,Clear,sky is clear,01n
1679976000,2023-03-28 04:00:00 +0000 UTC,3600,Braga,41.545449,-8.426507,11.2,,8.42,10.54,9.85,11.28,1020,,,83,2.0,81,,,,,,2,800,Clear,sky is clear,01n
1679979600,2023-03-28 05:00:00 +0000 UTC,3600,Braga,41.545449,-8.426507,10.99,,8.22,10.31,9.85,11.23,1020,,,83,2.1,84,,,,,,6,800,Clear,sky is clear,01n
1679983200,2023-03-28 06:00:00 +0000 UTC,3600,Braga,41.545449,-8.426507,11.05,,8.1,10.35,10.08,11.23,1020,,,82,2.06,85,,,,,,0,800,Clear,sky is clear,01n
1679986800,2023-03-28 07:00:00 +0000 UTC,3600,Braga,41.545449,-8.426507,11.05,,7.55,10.27,10.08,11.23,1021,,,79,2.17,83,,,,,,1,800,Clear,sky is clear,01d
1679990400,2023-03-28 08:00:00 +0000 UTC,3600,Braga,41.545449,-8.426507,15.12,,8.6,14.38,10.72,15.21,1021,,,65,2.47,87,,,,,,38,802,Clouds,scattered clouds,03d
1679994000,2023-03-28 09:00:00 +0000 UTC,3600,Braga,41.545449,-8.426507,18.5,,7.3,17.66,15.08,18.55,1021,,,48,1.97,102,,,,,,99,804,Clouds,overcast clouds,04d
1679997600,2023-03-28 10:00:00 +0000 UTC,3600,Braga,41.545449,-8.426507,20.16,,10.84,19.67,17.08,20.21,1021,,,55,1.86,124,,,,,,97,804,Clouds,overcast clouds,04d
1680001200,2023-03-28 11:00:00 +0000 UTC,3600,Braga,41.545449,-8.426507,21.85,,10.05,21.32,21.23,22.63,1021,,,47,2.37,157,,,,,,87,804,Clouds,overcast clouds,04d
1680004800,2023-03-28 12:00:00 +0000 UTC,3600,Braga,41.545449,-8.426507,23.98,,5.83,23.24,21.23,24.85,1021,,,31,2.95,185,,,,,,89,804,Clouds,overcast clouds,04d
1680008400,2023-03-28 13:00:00 +0000 UTC,3600,Braga,41.545449,-8.426507,24.52,,7.64,23.92,17.94,24.66,1021,,,34,3.1,202,,,,,,97,804,Clouds,overcast clouds,04d
1680012000,2023-03-28 14:00:00 +0000 UTC,3600,Braga,41.545449,-8.426507,25.04,,9.75,24.59,18.5,25.21,1021,,,38,3.0,214,,,,,,95,804,Clouds,overcast clouds,04d
1680015600,2023-03-28 15:00:00 +0000 UTC,3600,Braga,41.545449,-8.426507,23.42,,9.79,22.91,19.05,23.55,1020,,,42,2.72,224,,,,,,79,803,Clouds,broken clouds,04d
1680019200,2023-03-28 16:00:00 +0000 UTC,3600,Braga,41.545449,-8.426507,23.97,,9.18,23.44,19.05,24.1,1020,,,39,2.18,222,,,,,,39,802,Clouds,scattered clouds,03d
1680022800,2023-03-28 17:00:00 +0000 UTC,3600,Braga,41.545449,-8.426507,22.89,,8.59,22.28,19.05,22.99,1020,,,40,1.46,210,,,,,,54,803,Clouds,broken clouds,04d
1680026400,2023-03-28 18:00:00 +0000 UTC,3600,Braga,41.545449,-8.426507,21.25,,9.5,20.66,18.23,22.72,1020,,,47,0.9,189,,,,,,63,803,Clouds,broken clouds,04d
1680030000,2023-03-28 19:00:00 +0000 UTC,3600,Braga,41.545449,-8.426507,17.21,,5.81,16.21,16.23,19.52,1020,,,47,1.4,134,,,,,,53,803,Clouds,broken clouds,04n
1680033600,2023-03-28 20:00:00 +0000 UTC,3600,Braga,41.545449,-8.426507,15.52,,7.3,14.64,14.23,17.94,1020,,,58,2.2,113,,,,,,76,803,Clouds,broken clouds,04n
1680037200,2023-03-28 21:00:00 +0000 UTC,3600,Braga,41.545449,-8.426507,16.44,,10.08,15.86,16.23,17.3,1020,,,66,2.34,105,,,,,,51,803,Clouds,broken clouds,04n
1680040800,2023-03-28 22:00:00 +0000 UTC,3600,Braga,41.545449,-8.426507,16.54,,9.94,15.95,16.23,17.3,1021,,,65,2.1,100,,,,,,45,802,Clouds,scattered clouds,03n
1680044400,2023-03-28 23:00:00 +0000 UTC,3600,Braga,41.545449,-8.426507,16.33,,10.42,15.79,16.23,17.3,1021,,,68,1.91,107,,,,,,67,803,Clouds,broken clouds,04n
1680048000,2023-03-29 00:00:00 +0000 UTC,3600,Braga,41.545449,-8.426507,16.12,,10.65,15.62,15.72,17.3,1020,,,70,1.66,121,,,,,,83,803,Clouds,broken clouds,04n
1680051600,2023-03-29 01:00:00 +0000 UTC,3600,Braga,41.545449,-8.426507,15.53,,10.51,15.02,15.23,16.74,1020,,,72,1.78,125,,,,,,85,804,Clouds,overcast clouds,04n
1680055200,2023-03-29 02:00:00 +0000 UTC,3600,Braga,41.545449,-8.426507,15.2,,10.19,14.66,15.17,15.41,1020,,,72,2.01,124,,,,,,85,804,Clouds,overcast clouds,04n
1680058800,2023-03-29 03:00:00 +0000 UTC,3600,Braga,41.545449,-8.426507,14.61,,9.21,13.95,14.23,15.96,1019,,,70,2.21,122,,,,,,81,803,Clouds,broken clouds,04n
1680062400,2023-03-29 04:00:00 +0000 UTC,3600,Braga,41.545449,-8.426507,13.2,,7.64,12.38,12.23,15.41,1019,,,69,2.43,121,,,,,,84,803,Clouds,broken clouds,04n
1680066000,2023-03-29 05:00:00 +0000 UTC,3600,Braga,41.545449,-8.426507,14.38,,8.56,13.65,14.23,14.85,1018,,,68,2.23,126,,,,,,86,804,Clouds,overcast clouds,04n
1680069600,2023-03-29 06:00:00 +0000 UTC,3600,Braga,41.545449,-8.426507,14.36,,8.1,13.57,14.23,15.63,1018,,,66,1.94,134,,,,,,71,803,Clouds,broken clouds,04n
1680073200,2023-03-29 07:00:00 +0000 UTC,3600,Braga,41.545449,-8.426507,14.85,,8.11,14.06,14.05,16.52,1019,,,64,1.6,148,,,,,,89,804,Clouds,overcast clouds,04d
1680076800,2023-03-29 08:00:00 +0000 UTC,3600,Braga,41.545449,-8.426507,16.2,,8.92,15.49,14.61,19.3,1020,,,62,2.87,156,,,,,,99,804,Clouds,overcast clouds,04d
1680080400,2023-03-29 09:00:00 +0000 UTC,3600,Braga,41.545449,-8.426507,19.49,,5.18,18.51,15.72,19.85,1020,,,39,4.18,166,,,,,,98,804,Clouds,overcast clouds,04d
1680084000,2023-03-29 10:00:00 +0000 UTC,3600,Braga,41.545449,-8.426507,19.62,,5.67,18.68,16.83,19.66,1020,,,40,4.54,171,,,,,,100,804,Clouds,overcast clouds,04d
1680087600,2023-03-29 11:00:00 +0000 UTC,3600,Braga,41.545449,-8.426507,21.28,,7.86,20.56,18.5,21.33,1020,,,42,5.41,181,,,,,,99,804,Clouds,overcast clouds,04d
1680091200,2023-03-29 12:00:00 +0000 UTC,3600,Braga,41.545449,-8.426507,21.74,,6.81,20.96,19.05,23.19,1019,,,38,6.02,184,,,,,,100,804,Clouds,overcast clouds,04d
1680094800,2023-03-29 13:00:00 +0000 UTC,3600,Braga,41.545449,-8.426507,23.43,,9.07,22.87,19.23,23.55,1019,,,40,6.34,190,,,,,,96,804,Clouds,overcast clouds,04d
1680098400,2023-03-29 14:00:00 +0000 UTC,3600,Braga,41.545449,-8.426507,22.87,,7.82,22.2,18.23,22.99,1019,,,38,6.24,205,,,,,,94,804,Clouds,overcast clouds,04d
1680102000,2023-03-29 15:00:00 +0000 UTC,3600,Braga,41.545449,-8.426507,21.14,,7.03,20.35,18.23,22.63,1020,,,40,6.31,219,,,,,,15,801,Clouds,few clouds,02d
1680105600,2023-03-29 16:00:00 +0000 UTC,3600,Braga,41.545449,-8.426507,20.68,,8.98,20.03,17.23,20.77,1020,,,47,5.81,219,,,,,,1,800,Clear,sky is clear,01d
1680109200,2023-03-29 17:00:00 +0000 UTC,3600,Braga,41.545449,-8.426507,18.45,,12.88,18.18,16.23,19.3,1020,,,70,5.36,218,,,,,,37,802,Clouds,scattered clouds,03d
1680112800,2023-03-29 18:00:00 +0000 UTC,3600,Braga,41.545449,-8.426507,17.4,,13.53,17.23,16.19,17.94,1021,,,78,4.3,210,,,,,,79,803,Clouds,broken clouds,04d
1680116400,2023-03-29 19:00:00 +0000 UTC,3600,Braga,41.545449,-8.426507,16.35,,14.18,16.31,15.63,17.39,1021,,,87,3.62,208,,0.14,,,,91,500,Rain,light rain,10n
1680120000,2023-03-29 20:00:00 +0000 UTC,3600,Braga,41.545449,-8.426507,15.77,,13.79,15.7,15.08,16.83,1021,,,88,3.32,198,,0.23,,,,98,500,Rain,light rain,10n
1680123600,2023-03-29 21:00:00 +0000 UTC,3600,Braga,41.545449,-8.426507,15.74,,13.76,15.67,15.08,15.96,1022,,,88,3.43,198,,0.21,,,,100,500,Rain,light rain,10n
1680127200,2023-03-29 22:00:00 +0000 UTC,3600,Braga,41.545449,-8.426507,15.74,,13.93,15.69,15.08,15.77,1022,,,89,3.68,204,,0.35,,,,100,500,Rain,light rain,10n
1680130800,2023-03-29 23:00:00 +0000 UTC,3600,Braga,41.545449,-8.426507,15.21,,13.58,15.14,15.08,15.41,1022,,,90,3.6,212,,0.41,,,,100,500,Rain,light rain,10n
1680134400,2023-03-30 00:00:00 +0000 UTC,3600,Braga,41.545449,-8.426507,15.2,,13.57,15.13,14.52,15.41,1022,,,90,3.84,224,,0.32,,,,100,500,Rain,light rain,10n
1680138000,2023-03-30 01:00:00 +0000 UTC,3600,Braga,41.545449,-8.426507,14.67,,13.22,14.57,13.96,15.41,1022,,,91,3.65,231,,0.3,,,,100,500,Rain,light rain,10n
1680141600,2023-03-30 02:00:00 +0000 UTC,3600,Braga,41.545449,-8.426507,14.14,,12.69,13.99,13.96,15.23,1022,,,91,3.15,236,,0.15,,,,96,500,Rain,light rain,10n
1680145200,2023-03-30 03:00:00 +0000 UTC,3600,Braga,41.545449,-8.426507,14.1,,12.65,13.94,13.96,14.3,1022,,,91,2.54,227,,0.12,,,,100,500,Rain,light rain,10n
1680148800,2023-03-30 04:00:00 +0000 UTC,3600,Braga,41.545449,-8.426507,14.1,,12.82,13.97,13.74,14.23,1022,,,92,2.29,218,,,,,,100,804,Clouds,overcast clouds,04n
1680152400,2023-03-30 05:00:00 +0000 UTC,3600,Braga,41.545449,-8.426507,14.1,,12.82,13.97,13.19,14.23,1022,,,92,2.26,211,,,,,,100,804,Clouds,overcast clouds,04n
1680156000,2023-03-30 06:00:00 +0000 UTC,3600,Braga,41.545449,-8.426507,13.61,,12.34,13.43,12.63,15.17,1023,,,92,2.37,199,,,,,,100,804,Clouds,overcast clouds,04n
1680159600,2023-03-30 07:00:00 +0000 UTC,3600,Braga,41.545449,-8.426507,13.61,,12.17,13.4,12.63,15.17,1023,,,91,2.9,191,,,,,,90,804,Clouds,overcast clouds,04d
1680163200,2023-03-30 08:00:00 +0000 UTC,3600,Braga,41.545449,-8.426507,14.13,,12.0,13.87,14.1,15.96,1023,,,87,3.82,199,,0.15,,,,64,500,Rain,light rain,10d
1680166800,2023-03-30 09:00:00 +0000 UTC,3600,Braga,41.545449,-8.426507,15.76,,12.88,15.56,15.08,15.77,1024,,,83,4.4,202,,0.13,,,,97,500,Rain,light rain,10d
1680170400,2023-03-30 10:00:00 +0000 UTC,3600,Braga,41.545449,-8.426507,17.37,,12.49,17.07,15.63,18.19,1024,,,73,5.66,209,,,,,,97,804,Clouds,overcast clouds,04d
1680174000,2023-03-30 11:00:00 +0000 UTC,3600,Braga,41.545449,-8.426507,17.43,,11.02,16.95,16.74,17.44,1024,,,66,6.54,212,,,,,,100,804,Clouds,overcast clouds,04d
1680177600,2023-03-30 12:00:00 +0000 UTC,3600,Braga,41.545449,-8.426507,17.9,,10.52,17.36,16.23,18.19,1024,,,62,7.14,213,,,,,,100,804,Clouds,overcast clouds,04d
1680181200,2023-03-30 13:00:00 +0000 UTC,3600,Braga,41.545449,-8.426507,17.91,,11.47,17.48,16.23,18.74,1024,,,66,7.53,215,,,,,,100,804,Clouds,overcast clouds,04d
1680184800,2023-03-30 14:00:00 +0000 UTC,3600,Braga,41.545449,-8.426507,17.91,,11.93,17.53,16.23,19.3,1024,,,68,7.36,214,,,,,,100,804,Clouds,overcast clouds,04d
1680188400,2023-03-30 15:00:00 +0000 UTC,3600,Braga,41.545449,-8.426507,17.91,,12.15,17.56,16.23,19.3,1024,,,69,7.29,211,,,,,,99,804,Clouds,overcast clouds,04d
1680192000,2023-03-30 16:00:00 +0000 UTC,3600,Braga,41.545449,-8.426507,17.4,,12.52,17.1,16.19,18.19,1023,,,73,7.4,213,,,,,,99,804,Clouds,overcast clouds,04d
1680195600,2023-03-30 17:00:00 +0000 UTC,3600,Braga,41.545449,-8.426507,16.31,,11.67,15.93,15.23,17.63,1024,,,74,6.85,217,,0.18,,,,100,500,Rain,light rain,10d
1680199200,2023-03-30 18:00:00 +0000 UTC,3600,Braga,41.545449,-8.426507,15.77,,12.14,15.47,15.08,16.83,1024,,,79,5.83,215,,0.16,,,,100,500,Rain,light rain,10d
1680202800,2023-03-30 19:00:00 +0000 UTC,3600,Braga,41.545449,-8.426507,15.22,,12.35,14.96,14.52,16.28,1024,,,83,4.99,205,,,,,,100,804,Clouds,overcast clouds,04n
1680206400,2023-03-30 20:00:00 +0000 UTC,3600,Braga,41.545449,-8.426507,15.23,,12.73,15.03,14.52,16.28,1024,,,85,5.02,201,,,,,,100,804,Clouds,overcast clouds,04n
1680210000,2023-03-30 21:00:00 +0000 UTC,3600,Braga,41.545449,-8.426507,14.7,,13.08,14.58,14.3,15.72,1024,,,90,5.13,203,,,,,,100,804,Clouds,overcast clouds,04n
1680213600,2023-03-30 22:00:00 +0000 UTC,3600,Braga,41.545449,-8.426507,14.7,,13.41,14.63,13.96,15.72,1024,,,92,5.59,203,,0.18,,,,100,500,Rain,light rain,10n
1680217200,2023-03-30 23:00:00 +0000 UTC,3600,Braga,41.545449,-8.426507,14.65,,13.53,14.6,13.96,15.96,1024,,,93,5.61,211,,0.41,,,,100,500,Rain,light rain,10n
1680220800,2023-03-31 00:00:00 +0000 UTC,3600,Braga,41.545449,-8.426507,14.65,,13.7,14.63,13.96,15.41,1024,,,94,5.48,222,,0.59,,,,100,500,Rain,light rain,10n
1680224400,2023-03-31 01:00:00 +0000 UTC,3600,Braga,41.545449,-8.426507,14.65,,13.7,14.63,13.96,15.17,1024,,,94,5.18,230,,0.44,,,,100,500,Rain,light rain,10n
1680228000,2023-03-31 02:00:00 +0000 UTC,3600,Braga,41.545449,-8.426507,14.65,,13.7,14.63,13.96,15.17,1024,,,94,4.85,240,,0.31,,,,100,500,Rain,light rain,10n
1680231600,2023-03-31 03:00:00 +0000 UTC,3600,Braga,41.545449,-8.426507,14.64,,13.69,14.61,13.96,14.66,1023,,,94,4.3,246,,0.32,,,,100,500,Rain,light rain,10n
1680235200,2023-03-31 04:00:00 +0000 UTC,3600,Braga,41.545449,-8.426507,14.11,,13.32,14.06,13.96,14.61,1023,,,95,4.03,254,,0.14,,,,100,500,Rain,light rain,10n
1680238800,2023-03-31 05:00:00 +0000 UTC,3600,Braga,41.545449,-8.426507,14.11,,13.16,14.03,13.96,14.61,1023,,,94,3.96,261,,0.13,,,,100,500,Rain,light rain,10n
1680242400,2023-03-31 06:00:00 +0000 UTC,3600,Braga,41.545449,-8.426507,13.6,,12.81,13.5,13.41,14.61,1024,,,95,3.76,265,,,,,,100,804,Clouds,overcast clouds,04n
1680246000,2023-03-31 07:00:00 +0000 UTC,3600,Braga,41.545449,-8.426507,12.99,,12.21,12.83,12.85,13.23,1024,,,95,3.18,268,,,,,,100,804,Clouds,overcast clouds,04d
1680249600,2023-03-31 08:00:00 +0000 UTC,3600,Braga,41.545449,-8.426507,12.55,,11.61,12.32,12.44,14.23,1025,,,94,3.74,270,,,,,,100,804,Clouds,overcast clouds,04d
1680253200,2023-03-31 09:00:00 +0000 UTC,3600,Braga,41.545449,-8.426507,13.64,,12.53,13.49,13.55,15.23,1025,,,93,4.13,271,,,,,,96,804,Clouds,overcast clouds,04d
1680256800,2023-03-31 10:00:00 +0000 UTC,3600,Braga,41.545449,-8.426507,14.16,,12.03,13.9,13.96,16.52,1025,,,87,4.22,274,,,,,,94,804,Clouds,overcast clouds,04d
1680260400,2023-03-31 11:00:00 +0000 UTC,3600,Braga,41.545449,-8.426507,15.21,,11.4,14.82,14.52,15.23,1026,,,78,4.8,267,,,,,,96,804,Clouds,overcast clouds,04d
1680264000,2023-03-31 12:00:00 +0000 UTC,3600,Braga,41.545449,-8.426507,15.26,,11.45,14.88,15.08,16.23,1025,,,78,4.95,268,,,,,,100,804,Clouds,overcast clouds,04d
1680267600,2023-03-31 13:00:00 +0000 UTC,3600,Braga,41.545449,-8.426507,16.31,,11.67,15.93,15.08,17.63,1025,,,74,4.88,268,,,,,,100,804,Clouds,overcast clouds,04d
1680271200,2023-03-31 14:00:00 +0000 UTC,3600,Braga,41.545449,-8.426507,16.28,,11.02,15.82,15.08,16.52,1025,,,71,5.09,270,,,,,,100,804,Clouds,overcast clouds,04d
1680274800,2023-03-31 15:00:00 +0000 UTC,3600,Braga,41.545449,-8.426507,16.28,,10.37,15.74,14.52,16.52,1025,,,68,5.04,270,,,,,,100,804,Clouds,overcast clouds,04d
1680278400,2023-03-31 16:00:00 +0000 UTC,3600,Braga,41.545449,-8.426507,16.26,,10.79,15.77,14.52,16.33,1025,,,70,4.96,274,,,,,,100,804,Clouds,overcast clouds,04d
1680282000,2023-03-31 17:00:00 +0000 UTC,3600,Braga,41.545449,-8.426507,15.22,,10.62,14.73,15.21,15.72,1025,,,74,4.76,281,,,,,,99,804,Clouds,overcast clouds,04d
1680285600,2023-03-31 18:00:00 +0000 UTC,3600,Braga,41.545449,-8.426507,14.12,,10.73,13.68,13.41,15.17,1026,,,80,3.72,278,,,,,,99,804,Clouds,overcast clouds,04d
1680289200,2023-03-31 19:00:00 +0000 UTC,3600,Braga,41.545449,-8.426507,13.59,,10.58,13.15,12.85,14.61,1026,,,82,2.29,273,,,,,,98,804,Clouds,overcast clouds,04n
1680292800,2023-03-31 20:00:00 +0000 UTC,3600,Braga,41.545449,-8.426507,13.0,,10.89,12.63,12.85,14.05,1026,,,87,1.62,270,,,,,,90,804,Clouds,overcast clouds,04n
1680296400,2023-03-31 21:00:00 +0000 UTC,3600,Braga,41.545449,-8.426507,12.47,,10.88,12.12,12.3,14.05,1026,,,90,1.79,263,,,,,,45,802,Clouds,scattered clouds,03n
1680300000,2023-03-31 22:00:00 +0000 UTC,3600,Braga,41.545449,-8.426507,12.47,,11.04,12.15,12.3,14.05,1026,,,91,1.86,255,,,,,,69,803,Clouds,broken clouds,04n
1680303600,2023-03-31 23:00:00 +0000 UTC,3600,Braga,41.545449,-8.426507,12.5,,11.24,12.21,11.74,14.05,1026,,,92,1.81,247,,,,,,80,803,Clouds,broken clouds,04n
1680307200,2023-04-01 00:00:00 +0000 UTC,3600,Braga,41.545449,-8.426507,12.47,,11.37,12.2,11.74,14.05,1026,,,93,1.58,261,,,,,,98,804,Clouds,overcast clouds,04n
1680310800,2023-04-01 01:00:00 +0000 UTC,3600,Braga,41.545449,-8.426507,12.49,,11.39,12.22,11.74,13.5,1026,,,93,1.55,246,,,,,,98,804,Clouds,overcast clouds,04n
1680314400,2023-04-01 02:00:00 +0000 UTC,3600,Braga,41.545449,-8.426507,12.49,,11.39,12.22,11.74,13.5,1026,,,93,1.71,254,,,,,,100,804,Clouds,overcast clouds,04n
1680318000,2023-04-01 03:00:00 +0000 UTC,3600,Braga,41.545449,-8.426507,12.49,,11.39,12.22,11.52,13.5,1025,,,93,1.7,255,,,,,,99,804,Clouds,overcast clouds,04n
1680321600,2023-04-01 04:00:00 +0000 UTC,3600,Braga,41.545449,-8.426507,12.49,,11.39,12.22,10.96,13.5,1025,,,93,1.62,259,,,,,,100,804,Clouds,overcast clouds,04n
1680325200,2023-04-01 05:00:00 +0000 UTC,3600,Braga,41.545449,-8.426507,12.49,,11.39,12.22,10.96,13.5,1025,,,93,1.06,262,,,,,,100,804,Clouds,overcast clouds,04n
1680328800,2023-04-01 06:00:00 +0000 UTC,3600,Braga,41.545449,-8.426507,11.92,,10.83,11.6,10.41,12.94,1025,,,93,0.82,264,,0.12,,,,100,500,Rain,light rain,10n
1680332400,2023-04-01 07:00:00 +0000 UTC,3600,Braga,41.545449,-8.426507,11.4,,10.15,11.0,10.41,12.94,1025,,,92,0.73,238,,0.17,,,,100,500,Rain,light rain,10d
1680336000,2023-04-01 08:00:00 +0000 UTC,3600,Braga,41.545449,-8.426507,11.4,,10.31,11.02,11.33,12.94,1025,,,93,0.66,176,,0.16,,,,100,500,Rain,light rain,10d
1680339600,2023-04-01 09:00:00 +0000 UTC,3600,Braga,41.545449,-8.426507,11.89,,10.96,11.59,11.74,12.23,1025,,,94,0.52,187,,,,,,100,804,Clouds,overcast clouds,04d
1680343200,2023-04-01 10:00:00 +0000 UTC,3600,Braga,41.545449,-8.426507,11.93,,10.83,11.61,11.88,13.5,1025,,,93,0.42,130,,,,,,99,804,Clouds,overcast clouds,04d
1680346800,2023-04-01 11:00:00 +0000 UTC,3600,Braga,41.545449,-8.426507,12.45,,11.19,12.15,12.23,14.85,1025,,,92,0.85,157,,,,,,99,804,Clouds,overcast clouds,04d
1680350400,2023-04-01 12:00:00 +0000 UTC,3600,Braga,41.545449,-8.426507,13.02,,11.75,12.78,12.85,14.23,1025,,,92,1.12,193,,,,,,100,804,Clouds,overcast clouds,04d
1680354000,2023-04-01 13:00:00 +0000 UTC,3600,Braga,41.545449,-8.426507,13.58,,11.97,13.34,13.41,15.17,1025,,,90,1.4,229,,,,,,100,804,Clouds,overcast clouds,04d
1680357600,2023-04-01 14:00:00 +0000 UTC,3600,Braga,41.545449,-8.426507,14.11,,12.83,13.98,13.41,15.41,1025,,,92,2.0,301,,,,,,100,804,Clouds,overcast clouds,04d
1680361200,2023-04-01 15:00:00 +0000 UTC,3600,Braga,41.545449,-8.426507,15.15,,12.83,14.97,14.23,15.41,1024,,,86,3.13,331,,0.13,,,,99,500,Rain,light rain,10d
1680364800,2023-04-01 16:00:00 +0000 UTC,3600,Braga,41.545449,-8.426507,16.21,,12.37,15.92,14.23,17.08,1024,,,78,3.32,339,,,,,,65,803,Clouds,broken clouds,04d
1680368400,2023-04-01 17:00:00 +0000 UTC,3600,Braga,41.545449,-8.426507,16.22,,12.38,15.93,14.23,17.08,1024,,,78,3.23,336,,,,,,31,802,Clouds,scattered clouds,03d
1680372000,2023-04-01 18:00:00 +0000 UTC,3600,Braga,41.545449,-8.426507,16.22,,11.79,15.86,14.23,16.52,1024,,,75,3.17,326,,,,,,6,800,Clear,sky is clear,01d
1680375600,2023-04-01 19:00:00 +0000 UTC,3600,Braga,41.545449,-8.426507,13.91,,10.52,13.45,13.23,15.17,1025,,,80,2.93,325,,,,,,2,800,Clear,sky is clear,01n
1680379200,2023-04-01 20:00:00 +0000 UTC,3600,Braga,41.545449,-8.426507,13.52,,11.05,13.15,12.23,13.55,1026,,,85,3.26,326,,,,,,1,800,Clear,sky is clear,01n
1680382800,2023-04-01 21:00:00 +0000 UTC,3600,Braga,41.545449,-8.426507,12.41,,10.14,11.95,11.23,13.5,1026,,,86,3.1,334,,,,,,0,800,Clear,sky is clear,01n
1680386400,2023-04-01 22:00:00 +0000 UTC,3600,Braga,41.545449,-8.426507,11.85,,9.59,11.34,10.23,12.39,1026,,,86,2.72,344,,,,,,0,800,Clear,sky is clear,01n
1680390000,2023-04-01 23:00:00 +0000 UTC,3600,Braga,41.545449,-8.426507,11.27,,9.02,10.7,9.23,12.39,1027,,,86,2.73,3,,,,,,0,800,Clear,sky is clear,01n
1680393600,2023-04-02 00:00:00 +0000 UTC,3600,Braga,41.545449,-8.426507,10.7,,6.84,9.84,8.19,11.83,1027,,,77,2.65,18,,,,,,0,800,Clear,sky is clear,01n
1680397200,2023-04-02 01:00:00 +0000 UTC,3600,Braga,41.545449,-8.426507,9.65,,4.85,8.4,7.63,11.28,1027,,,72,2.51,29,,,,,,0,800,Clear,sky is clear,01n
1680400800,2023-04-02 02:00:00 +0000 UTC,3600,Braga,41.545449,-8.426507,8.72,,6.17,7.57,6.52,10.72,1027,,,84,2.15,33,,,,,,0,800,Clear,sky is clear,01n
1680404400,2023-04-02 03:00:00 +0000 UTC,3600,Braga,41.545449,-8.426507,9.23,,6.84,8.2,5.96,10.72,1027,,,85,2.11,37,,,,,,0,800,Clear,sky is clear,01n
1680408000,2023-04-02 04:00:00 +0000 UTC,3600,Braga,41.545449,-8.426507,7.34,,5.16,5.9,5.23,10.17,1027,,,86,2.22,38,,,,,,0,800,Clear,sky is clear,01n
1680411600,2023-04-02 05:00:00 +0000 UTC,3600,Braga,41.545449,-8.426507,6.49,,4.32,4.72,4.23,9.61,1027,,,86,2.43,45,,,,,,0,800,Clear,sky is clear,01n
1680415200,2023-04-02 06:00:00 +0000 UTC,3600,Braga,41.545449,-8.426507,5.69,,3.53,3.62,3.23,9.05,1027,,,86,2.62,50,,,,,,0,800,Clear,sky is clear,01n
1680418800,2023-04-02 07:00:00 +0000 UTC,3600,Braga,41.545449,-8.426507,7.17,,4.65,5.13,4.85,8.5,1028,,,84,2.98,58,,,,,,0,800,Clear,sky is clear,01d
1680422400,2023-04-02 08:00:00 +0000 UTC,3600,Braga,41.545449,-8.426507,10.66,,1.48,9.17,7.08,10.77,1028,,,53,2.45,62,,,,,,0,800,Clear,sky is clear,01d
1680426000,2023-04-02 09:00:00 +0000 UTC,3600,Braga,41.545449,-8.426507,12.84,,4.54,11.67,10.17,12.99,1028,,,57,1.87,62,,,,,,0,800,Clear,sky is clear,01d
1680429600,2023-04-02 10:00:00 +0000 UTC,3600,Braga,41.545449,-8.426507,15.02,,3.81,13.8,11.28,15.21,1028,,,47,1.12,80,,,,,,0,800,Clear,sky is clear,01d
1680433200,2023-04-02 11:00:00 +0000 UTC,3600,Braga,41.545449,-8.426507,16.8,,4.81,15.71,15.08,17.08,1028,,,45,0.99,100,,,,,,5,800,Clear,sky is clear,01d
1680436800,2023-04-02 12:00:00 +0000 UTC,3600,Braga,41.545449,-8.426507,17.83,,3.33,16.66,14.61,18.74,1027,,,38,0.8,137,,,,,,6,800,Clear,sky is clear,01d
1680440400,2023-04-02 13:00:00 +0000 UTC,3600,Braga,41.545449,-8.426507,18.89,,3.9,17.8,15.17,20.41,1027,,,37,0.36,198,,,,,,2,800,Clear,sky is clear,01d
1680444000,2023-04-02 14:00:00 +0000 UTC,3600,Braga,41.545449,-8.426507,19.45,,3.61,18.36,16.23,20.96,1026,,,35,0.8,278,,,,,,48,802,Clouds,scattered clouds,03d
1680447600,2023-04-02 15:00:00 +0000 UTC,3600,Braga,41.545449,-8.426507,20.62,,4.64,19.65,15.23,20.77,1026,,,35,1.33,306,,,,,,91,804,Clouds,overcast clouds,04d
1680451200,2023-04-02 16:00:00 +0000 UTC,3600,Braga,41.545449,-8.426507,19.91,,4.8,18.92,15.23,20.96,1025,,,37,1.61,320,,,,,,100,804,Clouds,overcast clouds,04d
1680454800,2023-04-02 17:00:00 +0000 UTC,3600,Braga,41.545449,-8.426507,20.47,,5.3,19.54,16.23,20.77,1024,,,37,1.83,317,,,,,,97,804,Clouds,overcast clouds,04d
1680458400,2023-04-02 18:00:00 +0000 UTC,3600,Braga,41.545449,-8.426507,17.5,,9.66,16.87,14.23,18.29,1024,,,60,1.81,296,,,,,,99,804,Clouds,overcast clouds,04d
1680462000,2023-04-02 19:00:00 +0000 UTC,3600,Braga,41.545449,-8.426507,13.91,,8.54,13.18,13.23,15.17,1025,,,70,2.41,295,,,,,,98,804,Clouds,overcast clouds,04n
1680465600,2023-04-02 20:00:00 +0000 UTC,3600,Braga,41.545449,-8.426507,12.21,,7.11,11.34,11.23,14.05,1025,,,71,1.87,319,,,,,,95,804,Clouds,overcast clouds,04n
1680469200,2023-04-02 21:00:00 +0000 UTC,3600,Braga,41.545449,-8.426507,11.37,,7.1,10.52,10.23,13.5,1025,,,75,1.85,5,,,,,,89,804,Clouds,overcast clouds,04n
1680472800,2023-04-02 22:00:00 +0000 UTC,3600,Braga,41.545449,-8.426507,10.86,,7.73,10.12,9.23,12.94,1025,,,81,1.95,48,,,,,,90,804,Clouds,overcast clouds,04n
1680476400,2023-04-02 23:00:00 +0000 UTC,3600,Braga,41.545449,-8.426507,12.33,,6.81,11.42,9.23,12.94,1024,,,69,1.8,67,,,,,,9,800,Clear,sky is clear,01n
1680480000,2023-04-03 00:00:00 +0000 UTC,3600,Braga,41.545449,-8.426507,9.98,,7.41,9.71,8.23,12.39,1023,,,84,1.42,68,,,,,,11,801,Clouds,few clouds,02n
1680483600,2023-04-03 01:00:00 +0000 UTC,3600,Braga,41.545449,-8.426507,8.97,,6.76,8.55,7.23,11.28,1023,,,86,1.43,63,,,,,,17,801,Clouds,few clouds,02n
1680487200,2023-04-03 02:00:00 +0000 UTC,3600,Braga,41.545449,-8.426507,8.89,,6.85,8.33,7.23,11.28,1022,,,87,1.55,60,,,,,,2,800,Clear,sky is clear,01n
1680490800,2023-04-03 03:00:00 +0000 UTC,3600,Braga,41.545449,-8.426507,8.45,,6.74,7.72,7.23,10.72,1022,,,89,1.65,66,,,,,,78,803,Clouds,broken clouds,04n
1680494400,2023-04-03 04:00:00 +0000 UTC,3600,Braga,41.545449,-8.426507,8.91,,6.87,8.42,7.3,10.17,1021,,,87,1.49,73,,,,,,100,804,Clouds,overcast clouds,04n
1680498000,2023-04-03 05:00:00 +0000 UTC,3600,Braga,41.545449,-8.426507,8.71,,6.5,8.35,7.85,9.61,1020,,,86,1.35,75,,,,,,100,804,Clouds,overcast clouds,04n
1680501600,2023-04-03 06:00:00 +0000 UTC,3600,Braga,41.545449,-8.426507,9.36,,6.97,8.52,6.74,9.61,1020,,,85,1.91,80,,,,,,100,804,Clouds,overcast clouds,04n
1680505200,2023-04-03 07:00:00 +0000 UTC,3600,Braga,41.545449,-8.426507,8.51,,5.62,6.89,7.85,9.05,1020,,,82,2.74,83,,,,,,98,804,Clouds,overcast clouds,04d
1680508800,2023-04-03 08:00:00 +0000 UTC,3600,Braga,41.545449,-8.426507,13.46,,2.38,12.09,9.61,13.55,1020,,,47,2.68,88,,,,,,96,804,Clouds,overcast clouds,04d
1680512400,2023-04-03 09:00:00 +0000 UTC,3600,Braga,41.545449,-8.426507,15.12,,3.9,13.91,10.72,15.21,1020,,,47,2.19,100,,,,,,97,804,Clouds,overcast clouds,04d
1680516000,2023-04-03 10:00:00 +0000 UTC,3600,Braga,41.545449,-8.426507,16.69,,6.52,15.75,12.39,16.88,1019,,,51,1.86,121,,,,,,100,804,Clouds,overcast clouds,04d
1680519600,2023-04-03 11:00:00 +0000 UTC,3600,Braga,41.545449,-8.426507,16.85,,7.77,16.03,16.19,17.08,1019,,,55,1.81,180,,,,,,99,804,Clouds,overcast clouds,04d
1680523200,2023-04-03 12:00:00 +0000 UTC,3600,Braga,41.545449,-8.426507,18.83,,6.0,17.89,14.61,19.1,1019,,,43,2.35,225,,,,,,95,804,Clouds,overcast clouds,04d
1680526800,2023-04-03 13:00:00 +0000 UTC,3600,Braga,41.545449,-8.426507,19.36,,6.48,18.47,15.17,19.66,1018,,,43,2.49,255,,,,,,98,804,Clouds,overcast clouds,04d
1680530400,2023-04-03 14:00:00 +0000 UTC,3600,Braga,41.545449,-8.426507,18.89,,7.65,18.09,15.63,19.1,1017,,,48,2.03,268,,,,,,98,804,Clouds,overcast clouds,04d
1680534000,2023-04-03 15:00:00 +0000 UTC,3600,Braga,41.545449,-8.426507,18.87,,8.81,18.17,15.23,19.1,1016,,,52,1.78,267,,,,,,99,804,Clouds,overcast clouds,04d
1680537600,2023-04-03 16:00:00 +0000 UTC,3600,Braga,41.545449,-8.426507,18.34,,9.94,17.74,15.23,18.55,1015,,,58,0.68,303,,,,,,100,804,Clouds,overcast clouds,04d
1680541200,2023-04-03 17:00:00 +0000 UTC,3600,Braga,41.545449,-8.426507,16.77,,9.7,16.15,15.17,16.88,1014,,,63,1.31,351,,,,,,100,804,Clouds,overcast clouds,04d
1680544800,2023-04-03 18:00:00 +0000 UTC,3600,Braga,41.545449,-8.426507,16.76,,10.61,16.24,15.08,16.88,1014,,,67,2.12,317,,0.21,,,,100,500,Rain,light rain,10d
1680548400,2023-04-03 19:00:00 +0000 UTC,3600,Braga,41.545449,-8.426507,14.02,,10.81,13.59,13.23,15.41,1014,,,81,2.84,310,,,,,,100,804,Clouds,overcast clouds,04n
1680552000,2023-04-03 20:00:00 +0000 UTC,3600,Braga,41.545449,-8.426507,13.3,,10.66,12.88,12.85,13.74,1014,,,84,2.96,299,,,,,,100,804,Clouds,overcast clouds,04n
1680555600,2023-04-03 21:00:00 +0000 UTC,3600,Braga,41.545449,-8.426507,13.48,,11.19,13.13,12.23,13.55,1014,,,86,2.75,300,,,,,,100,804,Clouds,overcast clouds,04n
1680559200,2023-04-03 22:00:00 +0000 UTC,3600,Braga,41.545449,-8.426507,12.94,,11.17,12.61,11.74,12.99,1014,,,89,2.22,318,,,,,,100,804,Clouds,overcast clouds,04n
1680562800,2023-04-03 23:00:00 +0000 UTC,3600,Braga,41.545449,-8.426507,12.41,,10.82,12.06,11.19,12.44,1014,,,90,1.75,323,,,,,,100,804,Clouds,overcast clouds,04n
1680566400,2023-04-04 00:00:00 +0000 UTC,3600,Braga,41.545449,-8.426507,12.43,,11.0,12.1,12.08,12.44,1015,,,91,1.74,354,,,,,,100,804,Clouds,overcast clouds,04n
1680570000,2023-04-04 01:00:00 +0000 UTC,3600,Braga,41.545449,-8.426507,12.38,,10.95,12.05,11.19,12.44,1014,,,91,1.71,24,,,,,,100,804,Clouds,overcast clouds,04n
1680573600,2023-04-04 02:00:00 +0000 UTC,3600,Braga,41.545449,-8.426507,11.86,,10.44,11.48,11.19,12.39,1014,,,91,1.73,38,,,,,,94,804,Clouds,overcast clouds,04n
1680577200,2023-04-04 03:00:00 +0000 UTC,3600,Braga,41.545449,-8.426507,12.38,,9.93,11.89,11.19,12.44,1013,,,85,1.67,42,,,,,,87,804,Clouds,overcast clouds,04n
1680580800,2023-04-04 04:00:00 +0000 UTC,3600,Braga,41.545449,-8.426507,13.37,,7.38,12.51,10.23,13.55,1013,,,67,1.92,42,,,,,,45,802,Clouds,scattered clouds,03n
1680584400,2023-04-04 05:00:00 +0000 UTC,3600,Braga,41.545449,-8.426507,12.85,,5.28,11.76,9.85,12.99,1013,,,60,2.15,51,,,,,,0,800,Clear,sky is clear,01n
1680588000,2023-04-04 06:00:00 +0000 UTC,3600,Braga,41.545449,-8.426507,10.19,,7.44,9.43,8.19,11.74,1014,,,83,2.26,57,,,,,,1,800,Clear,sky is clear,01n
1680591600,2023-04-04 07:00:00 +0000 UTC,3600,Braga,41.545449,-8.426507,10.15,,7.22,9.36,8.19,11.28,1014,,,82,2.71,59,,,,,,1,800,Clear,sky is clear,01d
1680595200,2023-04-04 08:00:00 +0000 UTC,3600,Braga,41.545449,-8.426507,15.09,,2.62,13.78,11.52,15.21,1015,,,43,2.81,68,,,,,,0,800,Clear,sky is clear,01d
1680598800,2023-04-04 09:00:00 +0000 UTC,3600,Braga,41.545449,-8.426507,15.72,,0.31,14.26,13.5,16.23,1015,,,35,2.55,80,,,,,,0,800,Clear,sky is clear,01d
1680602400,2023-04-04 10:00:00 +0000 UTC,3600,Braga,41.545449,-8.426507,17.46,,1.85,16.18,16.74,18.23,1016,,,35,3.4,86,,,,,,0,800,Clear,sky is clear,01d
1680606000,2023-04-04 11:00:00 +0000 UTC,3600,Braga,41.545449,-8.426507,18.04,,2.76,16.84,17.99,19.85,1016,,,36,4.12,85,,,,,,0,800,Clear,sky is clear,01d
1680609600,2023-04-04 12:00:00 +0000 UTC,3600,Braga,41.545449,-8.426507,19.68,,2.98,18.57,19.52,21.52,1015,,,33,4.09,80,,,,,,0,800,Clear,sky is clear,01d
1680613200,2023-04-04 13:00:00 +0000 UTC,3600,Braga,41.545449,-8.426507,20.16,,-0.91,18.86,18.5,22.63,1015,,,24,3.67,74,,,,,,0,800,Clear,sky is clear,01d
1680616800,2023-04-04 14:00:00 +0000 UTC,3600,Braga,41.545449,-8.426507,21.34,,-0.03,20.16,19.05,23.23,1015,,,24,2.98,66,,,,,,0,800,Clear,sky is clear,01d
1680620400,2023-04-04 15:00:00 +0000 UTC,3600,Braga,41.545449,-8.426507,21.87,,-0.69,20.69,19.61,23.23,1015,,,22,2.24,55,,,,,,0,800,Clear,sky is clear,01d
1680624000,2023-04-04 16:00:00 +0000 UTC,3600,Braga,41.545449,-8.426507,21.83,,-2.48,20.56,20.72,23.74,1014,,,19,1.51,27,,,,,,0,800,Clear,sky is clear,01d
1680627600,2023-04-04 17:00:00 +0000 UTC,3600,Braga,41.545449,-8.426507,22.47,,-2.66,21.24,22.3,23.23,1014,,,18,1.3,342,,,,,,0,800,Clear,sky is clear,01d
1680631200,2023-04-04 18:00:00 +0000 UTC,3600,Braga,41.545449,-8.426507,19.75,,7.16,18.93,19.23,21.74,1015,,,44,1.2,312,,,,,,0,800,Clear,sky is clear,01d
1680634800,2023-04-04 19:00:00 +0000 UTC,3600,Braga,41.545449,-8.426507,20.23,,7.26,19.43,16.23,22.37,1015,,,43,2.03,314,,,,,,0,800,Clear,sky is clear,01d
1680638400,2023-04-04 20:00:00 +0000 UTC,3600,Braga,41.545449,-8.426507,17.98,,7.99,17.19,14.23,20.02,1016,,,52,2.05,352,,,,,,0,800,Clear,sky is clear,01n
1680642000,2023-04-04 21:00:00 +0000 UTC,3600,Braga,41.545449,-8.426507,13.97,,6.58,13.02,11.76,17.39,1017,,,61,2.2,24,,,,,,0,800,Clear,sky is clear,01n
1680645600,2023-04-04 22:00:00 +0000 UTC,3600,Braga,41.545449,-8.426507,11.28,,5.6,10.24,10.05,14.3,1017,,,68,2.58,53,,,,,,0,800,Clear,sky is clear,01n
1680649200,2023-04-04 23:00:00 +0000 UTC,3600,Braga,41.545449,-8.426507,12.42,,7.31,11.57,10.23,15.17,1018,,,71,2.07,61,,,,,,0,800,Clear,sky is clear,01n
