dew_point,date
11.65,2023-01-01 00:00
12.22,2023-01-01 01:00
12.26,2023-01-01 02:00
12.31,2023-01-01 03:00
12.3,2023-01-01 04:00
12.39,2023-01-01 05:00
12.9,2023-01-01 06:00
13.66,2023-01-01 07:00
12.27,2023-01-01 08:00
11.92,2023-01-01 09:00
12.42,2023-01-01 10:00
12.33,2023-01-01 11:00
12.64,2023-01-01 12:00
12.81,2023-01-01 13:00
12.5,2023-01-01 14:00
12.06,2023-01-01 15:00
12.06,2023-01-01 16:00
10.56,2023-01-01 17:00
10.05,2023-01-01 18:00
9.48,2023-01-01 19:00
9.45,2023-01-01 20:00
9.46,2023-01-01 21:00
9.11,2023-01-01 22:00
9.09,2023-01-01 23:00
8.94,2023-01-02 00:00
8.43,2023-01-02 01:00
7.93,2023-01-02 02:00
7.85,2023-01-02 03:00
7.85,2023-01-02 04:00
6.67,2023-01-02 05:00
6.83,2023-01-02 06:00
6.89,2023-01-02 07:00
6.16,2023-01-02 08:00
7.4,2023-01-02 09:00
8.47,2023-01-02 10:00
9.13,2023-01-02 11:00
8.77,2023-01-02 12:00
8.52,2023-01-02 13:00
7.8,2023-01-02 14:00
7.14,2023-01-02 15:00
6.81,2023-01-02 16:00
6.95,2023-01-02 17:00
6.71,2023-01-02 18:00
6.64,2023-01-02 19:00
6.4,2023-01-02 20:00
6.79,2023-01-02 21:00
6.67,2023-01-02 22:00
6.16,2023-01-02 23:00
6.31,2023-01-03 00:00
5.68,2023-01-03 01:00
5.75,2023-01-03 02:00
5.5,2023-01-03 03:00
5.13,2023-01-03 04:00
5.66,2023-01-03 05:00
5.73,2023-01-03 06:00
5.57,2023-01-03 07:00
5.23,2023-01-03 08:00
5.77,2023-01-03 09:00
6.59,2023-01-03 10:00
6.71,2023-01-03 11:00
6.59,2023-01-03 12:00
7.04,2023-01-03 13:00
6.1,2023-01-03 14:00
6.73,2023-01-03 15:00
6.85,2023-01-03 16:00
6.53,2023-01-03 17:00
7.4,2023-01-03 18:00
6.71,2023-01-03 19:00
6.41,2023-01-03 20:00
6.89,2023-01-03 21:00
6.38,2023-01-03 22:00
5.48,2023-01-03 23:00
5.46,2023-01-04 00:00
5.41,2023-01-04 01:00
4.61,2023-01-04 02:00
4.82,2023-01-04 03:00
4.61,2023-01-04 04:00
4.23,2023-01-04 05:00
4.22,2023-01-04 06:00
5.27,2023-01-04 07:00
5.17,2023-01-04 08:00
4.08,2023-01-04 09:00
4.88,2023-01-04 10:00
5.31,2023-01-04 11:00
7.28,2023-01-04 12:00
8.0,2023-01-04 13:00
7.43,2023-01-04 14:00
8.08,2023-01-04 15:00
8.43,2023-01-04 16:00
7.98,2023-01-04 17:00
7.62,2023-01-04 18:00
7.36,2023-01-04 19:00
7.61,2023-01-04 20:00
8.19,2023-01-04 21:00
7.77,2023-01-04 22:00
6.88,2023-01-04 23:00
6.56,2023-01-05 00:00
4.56,2023-01-05 01:00
5.81,2023-01-05 02:00
6.13,2023-01-05 03:00
5.39,2023-01-05 04:00
3.97,2023-01-05 05:00
4.48,2023-01-05 06:00
5.42,2023-01-05 07:00
4.37,2023-01-05 08:00
5.74,2023-01-05 09:00
3.76,2023-01-05 10:00
4.83,2023-01-05 11:00
6.11,2023-01-05 12:00
6.81,2023-01-05 13:00
8.15,2023-01-05 14:00
5.31,2023-01-05 15:00
5.98,2023-01-05 16:00
5.59,2023-01-05 17:00
5.68,2023-01-05 18:00
5.42,2023-01-05 19:00
5.46,2023-01-05 20:00
5.44,2023-01-05 21:00
5.27,2023-01-05 22:00
5.19,2023-01-05 23:00
5.03,2023-01-06 00:00
4.99,2023-01-06 01:00
5.03,2023-01-06 02:00
5.54,2023-01-06 03:00
4.58,2023-01-06 04:00
3.99,2023-01-06 05:00
3.7,2023-01-06 06:00
4.02,2023-01-06 07:00
3.53,2023-01-06 08:00
3.25,2023-01-06 09:00
4.02,2023-01-06 10:00
6.61,2023-01-06 11:00
6.6,2023-01-06 12:00
7.35,2023-01-06 13:00
7.75,2023-01-06 14:00
7.5,2023-01-06 15:00
7.77,2023-01-06 16:00
7.78,2023-01-06 17:00
7.58,2023-01-06 18:00
7.17,2023-01-06 19:00
6.96,2023-01-06 20:00
6.84,2023-01-06 21:00
7.39,2023-01-06 22:00
7.64,2023-01-06 23:00
7.97,2023-01-07 00:00
8.35,2023-01-07 01:00
8.21,2023-01-07 02:00
9.04,2023-01-07 03:00
10.79,2023-01-07 04:00
11.14,2023-01-07 05:00
11.34,2023-01-07 06:00
11.32,2023-01-07 07:00
11.32,2023-01-07 08:00
11.91,2023-01-07 09:00
12.05,2023-01-07 10:00
12.64,2023-01-07 11:00
12.65,2023-01-07 12:00
12.75,2023-01-07 13:00
12.86,2023-01-07 14:00
11.82,2023-01-07 15:00
11.72,2023-01-07 16:00
11.68,2023-01-07 17:00
10.95,2023-01-07 18:00
10.59,2023-01-07 19:00
10.68,2023-01-07 20:00
10.68,2023-01-07 21:00
10.52,2023-01-07 22:00
10.68,2023-01-07 23:00
10.68,2023-01-08 00:00
10.12,2023-01-08 01:00
10.1,2023-01-08 02:00
10.62,2023-01-08 03:00
11.18,2023-01-08 04:00
11.69,2023-01-08 05:00
13.27,2023-01-08 06:00
13.9,2023-01-08 07:00
13.38,2023-01-08 08:00
13.38,2023-01-08 09:00
12.81,2023-01-08 10:00
12.8,2023-01-08 11:00
12.23,2023-01-08 12:00
12.2,2023-01-08 13:00
12.21,2023-01-08 14:00
12.23,2023-01-08 15:00
12.3,2023-01-08 16:00
11.73,2023-01-08 17:00
11.89,2023-01-08 18:00
11.23,2023-01-08 19:00
11.15,2023-01-08 20:00
11.29,2023-01-08 21:00
11.21,2023-01-08 22:00
11.26,2023-01-08 23:00
10.72,2023-01-09 00:00
10.19,2023-01-09 01:00
10.28,2023-01-09 02:00
9.65,2023-01-09 03:00
9.65,2023-01-09 04:00
9.09,2023-01-09 05:00
8.56,2023-01-09 06:00
8.08,2023-01-09 07:00
7.99,2023-01-09 08:00
8.51,2023-01-09 09:00
9.49,2023-01-09 10:00
10.48,2023-01-09 11:00
8.67,2023-01-09 12:00
8.52,2023-01-09 13:00
8.01,2023-01-09 14:00
8.17,2023-01-09 15:00
7.9,2023-01-09 16:00
8.46,2023-01-09 17:00
7.8,2023-01-09 18:00
7.55,2023-01-09 19:00
7.99,2023-01-09 20:00
7.65,2023-01-09 21:00
7.65,2023-01-09 22:00
7.25,2023-01-09 23:00
7.91,2023-01-10 00:00
7.82,2023-01-10 01:00
7.29,2023-01-10 02:00
8.63,2023-01-10 03:00
9.11,2023-01-10 04:00
9.27,2023-01-10 05:00
9.27,2023-01-10 06:00
9.72,2023-01-10 07:00
9.77,2023-01-10 08:00
10.09,2023-01-10 09:00
10.58,2023-01-10 10:00
11.68,2023-01-10 11:00
11.72,2023-01-10 12:00
11.56,2023-01-10 13:00
12.06,2023-01-10 14:00
12.32,2023-01-10 15:00
11.73,2023-01-10 16:00
11.56,2023-01-10 17:00
11.56,2023-01-10 18:00
11.52,2023-01-10 19:00
11.52,2023-01-10 20:00
11.71,2023-01-10 21:00
11.55,2023-01-10 22:00
11.55,2023-01-10 23:00
11.73,2023-01-11 00:00
11.89,2023-01-11 01:00
12.21,2023-01-11 02:00
11.64,2023-01-11 03:00
11.15,2023-01-11 04:00
11.11,2023-01-11 05:00
10.47,2023-01-11 06:00
9.43,2023-01-11 07:00
9.38,2023-01-11 08:00
9.45,2023-01-11 09:00
10.14,2023-01-11 10:00
10.89,2023-01-11 11:00
9.63,2023-01-11 12:00
8.46,2023-01-11 13:00
8.7,2023-01-11 14:00
8.22,2023-01-11 15:00
7.97,2023-01-11 16:00
8.24,2023-01-11 17:00
7.98,2023-01-11 18:00
7.93,2023-01-11 19:00
7.58,2023-01-11 20:00
7.33,2023-01-11 21:00
7.39,2023-01-11 22:00
7.2,2023-01-11 23:00
6.95,2023-01-12 00:00
6.92,2023-01-12 01:00
7.12,2023-01-12 02:00
6.07,2023-01-12 03:00
6.06,2023-01-12 04:00
6.21,2023-01-12 05:00
6.46,2023-01-12 06:00
5.97,2023-01-12 07:00
5.27,2023-01-12 08:00
5.82,2023-01-12 09:00
6.76,2023-01-12 10:00
8.3,2023-01-12 11:00
7.79,2023-01-12 12:00
8.3,2023-01-12 13:00
8.54,2023-01-12 14:00
8.69,2023-01-12 15:00
8.55,2023-01-12 16:00
8.72,2023-01-12 17:00
8.04,2023-01-12 18:00
8.04,2023-01-12 19:00
7.87,2023-01-12 20:00
8.63,2023-01-12 21:00
8.12,2023-01-12 22:00
8.3,2023-01-12 23:00
8.28,2023-01-13 00:00
8.05,2023-01-13 01:00
7.94,2023-01-13 02:00
7.89,2023-01-13 03:00
7.95,2023-01-13 04:00
8.26,2023-01-13 05:00
7.7,2023-01-13 06:00
7.81,2023-01-13 07:00
8.14,2023-01-13 08:00
8.29,2023-01-13 09:00
8.96,2023-01-13 10:00
9.53,2023-01-13 11:00
9.78,2023-01-13 12:00
9.85,2023-01-13 13:00
10.41,2023-01-13 14:00
10.39,2023-01-13 15:00
10.38,2023-01-13 16:00
10.7,2023-01-13 17:00
9.87,2023-01-13 18:00
9.73,2023-01-13 19:00
9.59,2023-01-13 20:00
9.75,2023-01-13 21:00
10.22,2023-01-13 22:00
10.04,2023-01-13 23:00
10.11,2023-01-14 00:00
10.11,2023-01-14 01:00
9.95,2023-01-14 02:00
9.69,2023-01-14 03:00
9.86,2023-01-14 04:00
9.87,2023-01-14 05:00
10.1,2023-01-14 06:00
10.53,2023-01-14 07:00
11.03,2023-01-14 08:00
11.1,2023-01-14 09:00
11.61,2023-01-14 10:00
11.64,2023-01-14 11:00
12.0,2023-01-14 12:00
11.69,2023-01-14 13:00
11.66,2023-01-14 14:00
11.99,2023-01-14 15:00
11.57,2023-01-14 16:00
11.41,2023-01-14 17:00
11.32,2023-01-14 18:00
11.16,2023-01-14 19:00
11.27,2023-01-14 20:00
11.16,2023-01-14 21:00
11.31,2023-01-14 22:00
11.54,2023-01-14 23:00
11.38,2023-01-15 00:00
11.97,2023-01-15 01:00
11.49,2023-01-15 02:00
9.29,2023-01-15 03:00
8.31,2023-01-15 04:00
7.26,2023-01-15 05:00
6.59,2023-01-15 06:00
6.51,2023-01-15 07:00
5.9,2023-01-15 08:00
5.76,2023-01-15 09:00
5.51,2023-01-15 10:00
5.1,2023-01-15 11:00
4.56,2023-01-15 12:00
3.56,2023-01-15 13:00
4.46,2023-01-15 14:00
5.29,2023-01-15 15:00
5.39,2023-01-15 16:00
4.64,2023-01-15 17:00
5.24,2023-01-15 18:00
5.1,2023-01-15 19:00
5.85,2023-01-15 20:00
6.69,2023-01-15 21:00
6.87,2023-01-15 22:00
7.84,2023-01-15 23:00
7.95,2023-01-16 00:00
8.61,2023-01-16 01:00
9.6,2023-01-16 02:00
9.55,2023-01-16 03:00
10.11,2023-01-16 04:00
10.1,2023-01-16 05:00
10.19,2023-01-16 06:00
9.72,2023-01-16 07:00
10.2,2023-01-16 08:00
10.13,2023-01-16 09:00
10.71,2023-01-16 10:00
10.73,2023-01-16 11:00
11.37,2023-01-16 12:00
11.38,2023-01-16 13:00
11.37,2023-01-16 14:00
10.88,2023-01-16 15:00
11.28,2023-01-16 16:00
10.81,2023-01-16 17:00
10.88,2023-01-16 18:00
10.81,2023-01-16 19:00
10.88,2023-01-16 20:00
10.88,2023-01-16 21:00
10.79,2023-01-16 22:00
11.27,2023-01-16 23:00
11.37,2023-01-17 00:00
11.37,2023-01-17 01:00
10.4,2023-01-17 02:00
10.37,2023-01-17 03:00
9.87,2023-01-17 04:00
9.28,2023-01-17 05:00
7.32,2023-01-17 06:00
7.56,2023-01-17 07:00
6.66,2023-01-17 08:00
6.71,2023-01-17 09:00
6.73,2023-01-17 10:00
6.83,2023-01-17 11:00
7.14,2023-01-17 12:00
6.61,2023-01-17 13:00
6.15,2023-01-17 14:00
6.08,2023-01-17 15:00
5.24,2023-01-17 16:00
5.25,2023-01-17 17:00
4.81,2023-01-17 18:00
5.12,2023-01-17 19:00
4.48,2023-01-17 20:00
4.24,2023-01-17 21:00
4.26,2023-01-17 22:00
3.29,2023-01-17 23:00
3.31,2023-01-18 00:00
2.92,2023-01-18 01:00
3.41,2023-01-18 02:00
3.8,2023-01-18 03:00
3.31,2023-01-18 04:00
3.79,2023-01-18 05:00
3.5,2023-01-18 06:00
2.72,2023-01-18 07:00
2.72,2023-01-18 08:00
3.03,2023-01-18 09:00
4.17,2023-01-18 10:00
4.63,2023-01-18 11:00
4.36,2023-01-18 12:00
4.08,2023-01-18 13:00
4.55,2023-01-18 14:00
5.24,2023-01-18 15:00
4.4,2023-01-18 16:00
4.11,2023-01-18 17:00
3.99,2023-01-18 18:00
3.96,2023-01-18 19:00
3.41,2023-01-18 20:00
3.12,2023-01-18 21:00
3.18,2023-01-18 22:00
2.81,2023-01-18 23:00
2.78,2023-01-19 00:00
2.22,2023-01-19 01:00
2.36,2023-01-19 02:00
2.42,2023-01-19 03:00
2.57,2023-01-19 04:00
2.58,2023-01-19 05:00
3.08,2023-01-19 06:00
3.08,2023-01-19 07:00
3.74,2023-01-19 08:00
3.82,2023-01-19 09:00
5.06,2023-01-19 10:00
6.19,2023-01-19 11:00
6.99,2023-01-19 12:00
7.97,2023-01-19 13:00
8.73,2023-01-19 14:00
9.66,2023-01-19 15:00
10.25,2023-01-19 16:00
10.75,2023-01-19 17:00
10.77,2023-01-19 18:00
10.78,2023-01-19 19:00
10.78,2023-01-19 20:00
10.79,2023-01-19 21:00
11.27,2023-01-19 22:00
11.28,2023-01-19 23:00
11.28,2023-01-20 00:00
11.35,2023-01-20 01:00
11.28,2023-01-20 02:00
11.35,2023-01-20 03:00
11.28,2023-01-20 04:00
11.28,2023-01-20 05:00
11.27,2023-01-20 06:00
11.27,2023-01-20 07:00
11.27,2023-01-20 08:00
11.27,2023-01-20 09:00
11.36,2023-01-20 10:00
11.87,2023-01-20 11:00
11.97,2023-01-20 12:00
12.47,2023-01-20 13:00
12.65,2023-01-20 14:00
11.96,2023-01-20 15:00
11.89,2023-01-20 16:00
11.58,2023-01-20 17:00
11.72,2023-01-20 18:00
11.89,2023-01-20 19:00
11.48,2023-01-20 20:00
11.71,2023-01-20 21:00
11.64,2023-01-20 22:00
11.63,2023-01-20 23:00
11.63,2023-01-21 00:00
11.13,2023-01-21 01:00
11.13,2023-01-21 02:00
11.13,2023-01-21 03:00
11.05,2023-01-21 04:00
11.05,2023-01-21 05:00
10.81,2023-01-21 06:00
10.64,2023-01-21 07:00
10.13,2023-01-21 08:00
10.86,2023-01-21 09:00
10.69,2023-01-21 10:00
11.03,2023-01-21 11:00
9.45,2023-01-21 12:00
9.01,2023-01-21 13:00
9.02,2023-01-21 14:00
8.34,2023-01-21 15:00
8.35,2023-01-21 16:00
8.25,2023-01-21 17:00
7.6,2023-01-21 18:00
9.14,2023-01-21 19:00
7.0,2023-01-21 20:00
6.62,2023-01-21 21:00
6.46,2023-01-21 22:00
7.44,2023-01-21 23:00
5.98,2023-01-22 00:00
5.72,2023-01-22 01:00
5.81,2023-01-22 02:00
4.96,2023-01-22 03:00
3.76,2023-01-22 04:00
3.72,2023-01-22 05:00
3.05,2023-01-22 06:00
2.15,2023-01-22 07:00
1.37,2023-01-22 08:00
1.72,2023-01-22 09:00
1.97,2023-01-22 10:00
1.74,2023-01-22 11:00
0.82,2023-01-22 12:00
1.09,2023-01-22 13:00
1.06,2023-01-22 14:00
-1.22,2023-01-22 15:00
-2.4,2023-01-22 16:00
-2.86,2023-01-22 17:00
2.46,2023-01-22 18:00
2.42,2023-01-22 19:00
4.15,2023-01-22 20:00
3.7,2023-01-22 21:00
4.92,2023-01-22 22:00
3.74,2023-01-22 23:00
2.86,2023-01-23 00:00
2.7,2023-01-23 01:00
2.05,2023-01-23 02:00
1.01,2023-01-23 03:00
1.84,2023-01-23 04:00
1.89,2023-01-23 05:00
2.01,2023-01-23 06:00
1.34,2023-01-23 07:00
2.01,2023-01-23 08:00
-0.36,2023-01-23 09:00
-0.49,2023-01-23 10:00
0.65,2023-01-23 11:00
0.25,2023-01-23 12:00
-1.46,2023-01-23 13:00
-1.1,2023-01-23 14:00
-2.49,2023-01-23 15:00
-2.86,2023-01-23 16:00
-1.84,2023-01-23 17:00
-1.86,2023-01-23 18:00
-0.28,2023-01-23 19:00
-0.95,2023-01-23 20:00
-1.2,2023-01-23 21:00
-1.53,2023-01-23 22:00
-0.71,2023-01-23 23:00
-1.02,2023-01-24 00:00
-1.76,2023-01-24 01:00
-1.67,2023-01-24 02:00
-0.84,2023-01-24 03:00
-1.4,2023-01-24 04:00
-0.97,2023-01-24 05:00
-0.31,2023-01-24 06:00
-0.8,2023-01-24 07:00
0.31,2023-01-24 08:00
-1.48,2023-01-24 09:00
-0.24,2023-01-24 10:00
0.29,2023-01-24 11:00
0.22,2023-01-24 12:00
1.45,2023-01-24 13:00
1.0,2023-01-24 14:00
1.03,2023-01-24 15:00
2.35,2023-01-24 16:00
2.04,2023-01-24 17:00
1.49,2023-01-24 18:00
0.9,2023-01-24 19:00
2.61,2023-01-24 20:00
1.65,2023-01-24 21:00
2.59,2023-01-24 22:00
2.08,2023-01-24 23:00
0.75,2023-01-25 00:00
1.47,2023-01-25 01:00
1.41,2023-01-25 02:00
0.63,2023-01-25 03:00
0.3,2023-01-25 04:00
1.1,2023-01-25 05:00
0.97,2023-01-25 06:00
0.99,2023-01-25 07:00
0.89,2023-01-25 08:00
0.48,2023-01-25 09:00
0.38,2023-01-25 10:00
0.63,2023-01-25 11:00
0.96,2023-01-25 12:00
1.58,2023-01-25 13:00
1.34,2023-01-25 14:00
1.89,2023-01-25 15:00
3.04,2023-01-25 16:00
2.97,2023-01-25 17:00
3.47,2023-01-25 18:00
1.35,2023-01-25 19:00
3.26,2023-01-25 20:00
3.22,2023-01-25 21:00
3.33,2023-01-25 22:00
3.1,2023-01-25 23:00
2.02,2023-01-26 00:00
2.04,2023-01-26 01:00
-0.28,2023-01-26 02:00
-0.48,2023-01-26 03:00
0.49,2023-01-26 04:00
0.39,2023-01-26 05:00
0.29,2023-01-26 06:00
0.29,2023-01-26 07:00
1.22,2023-01-26 08:00
1.42,2023-01-26 09:00
2.81,2023-01-26 10:00
3.72,2023-01-26 11:00
4.7,2023-01-26 12:00
5.91,2023-01-26 13:00
6.9,2023-01-26 14:00
6.48,2023-01-26 15:00
5.91,2023-01-26 16:00
3.97,2023-01-26 17:00
4.63,2023-01-26 18:00
4.07,2023-01-26 19:00
3.86,2023-01-26 20:00
3.76,2023-01-26 21:00
3.77,2023-01-26 22:00
3.6,2023-01-26 23:00
3.94,2023-01-27 00:00
3.89,2023-01-27 01:00
1.77,2023-01-27 02:00
2.24,2023-01-27 03:00
2.28,2023-01-27 04:00
2.34,2023-01-27 05:00
0.88,2023-01-27 06:00
1.32,2023-01-27 07:00
1.32,2023-01-27 08:00
2.59,2023-01-27 09:00
3.15,2023-01-27 10:00
3.23,2023-01-27 11:00
2.24,2023-01-27 12:00
2.61,2023-01-27 13:00
2.18,2023-01-27 14:00
1.65,2023-01-27 15:00
1.59,2023-01-27 16:00
1.59,2023-01-27 17:00
2.84,2023-01-27 18:00
2.09,2023-01-27 19:00
2.25,2023-01-27 20:00
1.96,2023-01-27 21:00
2.27,2023-01-27 22:00
2.81,2023-01-27 23:00
2.7,2023-01-28 00:00
2.03,2023-01-28 01:00
1.44,2023-01-28 02:00
0.88,2023-01-28 03:00
0.43,2023-01-28 04:00
-0.14,2023-01-28 05:00
-0.36,2023-01-28 06:00
-0.23,2023-01-28 07:00
1.62,2023-01-28 08:00
0.09,2023-01-28 09:00
0.6,2023-01-28 10:00
1.46,2023-01-28 11:00
1.48,2023-01-28 12:00
1.77,2023-01-28 13:00
2.05,2023-01-28 14:00
2.14,2023-01-28 15:00
2.43,2023-01-28 16:00
3.11,2023-01-28 17:00
2.35,2023-01-28 18:00
1.55,2023-01-28 19:00
1.87,2023-01-28 20:00
1.76,2023-01-28 21:00
1.69,2023-01-28 22:00
0.91,2023-01-28 23:00
0.77,2023-01-29 00:00
1.13,2023-01-29 01:00
1.96,2023-01-29 02:00
1.19,2023-01-29 03:00
-0.29,2023-01-29 04:00
-1.51,2023-01-29 05:00
-1.72,2023-01-29 06:00
-1.71,2023-01-29 07:00
-1.4,2023-01-29 08:00
-0.9,2023-01-29 09:00
0.02,2023-01-29 10:00
-0.04,2023-01-29 11:00
0.35,2023-01-29 12:00
-0.1,2023-01-29 13:00
0.42,2023-01-29 14:00
0.34,2023-01-29 15:00
-0.12,2023-01-29 16:00
-0.22,2023-01-29 17:00
-0.74,2023-01-29 18:00
-1.69,2023-01-29 19:00
-0.01,2023-01-29 20:00
0.96,2023-01-29 21:00
1.44,2023-01-29 22:00
1.13,2023-01-29 23:00
1.01,2023-01-30 00:00
1.57,2023-01-30 01:00
2.63,2023-01-30 02:00
2.57,2023-01-30 03:00
1.44,2023-01-30 04:00
1.42,2023-01-30 05:00
0.72,2023-01-30 06:00
0.89,2023-01-30 07:00
0.03,2023-01-30 08:00
-0.58,2023-01-30 09:00
-0.37,2023-01-30 10:00
0.21,2023-01-30 11:00
-0.18,2023-01-30 12:00
0.67,2023-01-30 13:00
0.89,2023-01-30 14:00
0.64,2023-01-30 15:00
0.33,2023-01-30 16:00
0.7,2023-01-30 17:00
-1.38,2023-01-30 18:00
-0.32,2023-01-30 19:00
1.84,2023-01-30 20:00
1.87,2023-01-30 21:00
1.77,2023-01-30 22:00
2.02,2023-01-30 23:00
2.4,2023-01-31 00:00
2.04,2023-01-31 01:00
1.05,2023-01-31 02:00
1.11,2023-01-31 03:00
1.27,2023-01-31 04:00
2.04,2023-01-31 05:00
0.98,2023-01-31 06:00
0.98,2023-01-31 07:00
0.22,2023-01-31 08:00
1.55,2023-01-31 09:00
1.22,2023-01-31 10:00
2.58,2023-01-31 11:00
3.11,2023-01-31 12:00
2.9,2023-01-31 13:00
1.23,2023-01-31 14:00
0.48,2023-01-31 15:00
0.75,2023-01-31 16:00
1.54,2023-01-31 17:00
3.22,2023-01-31 18:00
2.63,2023-01-31 19:00
3.73,2023-01-31 20:00
3.26,2023-01-31 21:00
2.56,2023-01-31 22:00
3.92,2023-01-31 23:00
3.61,2023-02-01 00:00
1.87,2023-02-01 01:00
1.78,2023-02-01 02:00
1.02,2023-02-01 03:00
0.62,2023-02-01 04:00
2.11,2023-02-01 05:00
3.79,2023-02-01 06:00
2.98,2023-02-01 07:00
2.12,2023-02-01 08:00
4.95,2023-02-01 09:00
3.13,2023-02-01 10:00
4.05,2023-02-01 11:00
4.4,2023-02-01 12:00
3.96,2023-02-01 13:00
3.78,2023-02-01 14:00
2.99,2023-02-01 15:00
2.9,2023-02-01 16:00
3.32,2023-02-01 17:00
2.44,2023-02-01 18:00
4.37,2023-02-01 19:00
3.93,2023-02-01 20:00
3.77,2023-02-01 21:00
4.91,2023-02-01 22:00
3.38,2023-02-01 23:00
3.06,2023-02-02 00:00
4.31,2023-02-02 01:00
4.31,2023-02-02 02:00
4.98,2023-02-02 03:00
4.96,2023-02-02 04:00
4.27,2023-02-02 05:00
4.44,2023-02-02 06:00
4.44,2023-02-02 07:00
3.97,2023-02-02 08:00
3.86,2023-02-02 09:00
1.99,2023-02-02 10:00
2.36,2023-02-02 11:00
2.82,2023-02-02 12:00
3.83,2023-02-02 13:00
3.34,2023-02-02 14:00
2.66,2023-02-02 15:00
3.18,2023-02-02 16:00
3.67,2023-02-02 17:00
1.13,2023-02-02 18:00
2.79,2023-02-02 19:00
4.26,2023-02-02 20:00
4.18,2023-02-02 21:00
5.2,2023-02-02 22:00
3.32,2023-02-02 23:00
3.45,2023-02-03 00:00
3.37,2023-02-03 01:00
4.56,2023-02-03 02:00
3.19,2023-02-03 03:00
2.81,2023-02-03 04:00
3.2,2023-02-03 05:00
4.0,2023-02-03 06:00
3.47,2023-02-03 07:00
2.8,2023-02-03 08:00
3.34,2023-02-03 09:00
4.21,2023-02-03 10:00
3.09,2023-02-03 11:00
2.91,2023-02-03 12:00
5.74,2023-02-03 13:00
5.93,2023-02-03 14:00
4.22,2023-02-03 15:00
3.3,2023-02-03 16:00
5.26,2023-02-03 17:00
3.21,2023-02-03 18:00
3.6,2023-02-03 19:00
5.14,2023-02-03 20:00
3.94,2023-02-03 21:00
4.01,2023-02-03 22:00
3.78,2023-02-03 23:00
4.62,2023-02-04 00:00
2.28,2023-02-04 01:00
1.94,2023-02-04 02:00
3.25,2023-02-04 03:00
1.73,2023-02-04 04:00
2.45,2023-02-04 05:00
1.97,2023-02-04 06:00
1.06,2023-02-04 07:00
0.25,2023-02-04 08:00
2.68,2023-02-04 09:00
4.89,2023-02-04 10:00
2.9,2023-02-04 11:00
3.21,2023-02-04 12:00
2.58,2023-02-04 13:00
1.2,2023-02-04 14:00
3.19,2023-02-04 15:00
5.05,2023-02-04 16:00
5.49,2023-02-04 17:00
3.31,2023-02-04 18:00
3.62,2023-02-04 19:00
4.71,2023-02-04 20:00
3.5,2023-02-04 21:00
3.7,2023-02-04 22:00
3.76,2023-02-04 23:00
3.45,2023-02-05 00:00
1.89,2023-02-05 01:00
1.96,2023-02-05 02:00
3.89,2023-02-05 03:00
2.23,2023-02-05 04:00
3.78,2023-02-05 05:00
5.39,2023-02-05 06:00
4.06,2023-02-05 07:00
-0.74,2023-02-05 08:00
4.73,2023-02-05 09:00
-1.07,2023-02-05 10:00
0.05,2023-02-05 11:00
0.36,2023-02-05 12:00
-0.14,2023-02-05 13:00
-0.76,2023-02-05 14:00
0.45,2023-02-05 15:00
0.84,2023-02-05 16:00
2.11,2023-02-05 17:00
4.85,2023-02-05 18:00
4.06,2023-02-05 19:00
3.71,2023-02-05 20:00
3.92,2023-02-05 21:00
4.16,2023-02-05 22:00
4.68,2023-02-05 23:00
3.48,2023-02-06 00:00
3.59,2023-02-06 01:00
3.88,2023-02-06 02:00
3.89,2023-02-06 03:00
2.85,2023-02-06 04:00
2.51,2023-02-06 05:00
2.1,2023-02-06 06:00
2.42,2023-02-06 07:00
2.66,2023-02-06 08:00
4.1,2023-02-06 09:00
3.93,2023-02-06 10:00
4.5,2023-02-06 11:00
-3.84,2023-02-06 12:00
-2.69,2023-02-06 13:00
-3.7,2023-02-06 14:00
-3.12,2023-02-06 15:00
-1.29,2023-02-06 16:00
-0.21,2023-02-06 17:00
4.03,2023-02-06 18:00
2.34,2023-02-06 19:00
1.6,2023-02-06 20:00
0.04,2023-02-06 21:00
-1.13,2023-02-06 22:00
-1.86,2023-02-06 23:00
-0.21,2023-02-07 00:00
-1.31,2023-02-07 01:00
-0.86,2023-02-07 02:00
-0.06,2023-02-07 03:00
1.0,2023-02-07 04:00
0.0,2023-02-07 05:00
0.65,2023-02-07 06:00
1.48,2023-02-07 07:00
0.13,2023-02-07 08:00
0.21,2023-02-07 09:00
0.45,2023-02-07 10:00
0.87,2023-02-07 11:00
0.74,2023-02-07 12:00
1.13,2023-02-07 13:00
-0.03,2023-02-07 14:00
0.07,2023-02-07 15:00
-0.44,2023-02-07 16:00
-0.84,2023-02-07 17:00
0.44,2023-02-07 18:00
-0.46,2023-02-07 19:00
0.1,2023-02-07 20:00
2.38,2023-02-07 21:00
2.73,2023-02-07 22:00
1.18,2023-02-07 23:00
0.83,2023-02-08 00:00
1.96,2023-02-08 01:00
1.83,2023-02-08 02:00
2.89,2023-02-08 03:00
3.52,2023-02-08 04:00
2.95,2023-02-08 05:00
2.16,2023-02-08 06:00
2.13,2023-02-08 07:00
1.96,2023-02-08 08:00
2.06,2023-02-08 09:00
2.25,2023-02-08 10:00
2.84,2023-02-08 11:00
3.3,2023-02-08 12:00
3.16,2023-02-08 13:00
3.7,2023-02-08 14:00
3.1,2023-02-08 15:00
3.45,2023-02-08 16:00
3.42,2023-02-08 17:00
2.53,2023-02-08 18:00
5.27,2023-02-08 19:00
4.73,2023-02-08 20:00
4.05,2023-02-08 21:00
3.05,2023-02-08 22:00
3.67,2023-02-08 23:00
2.65,2023-02-09 00:00
2.27,2023-02-09 01:00
1.12,2023-02-09 02:00
3.33,2023-02-09 03:00
2.19,2023-02-09 04:00
1.12,2023-02-09 05:00
2.52,2023-02-09 06:00
2.96,2023-02-09 07:00
1.96,2023-02-09 08:00
3.51,2023-02-09 09:00
3.14,2023-02-09 10:00
3.68,2023-02-09 11:00
4.48,2023-02-09 12:00
3.64,2023-02-09 13:00
2.98,2023-02-09 14:00
1.65,2023-02-09 15:00
1.54,2023-02-09 16:00
1.72,2023-02-09 17:00
2.88,2023-02-09 18:00
2.12,2023-02-09 19:00
1.64,2023-02-09 20:00
0.78,2023-02-09 21:00
0.32,2023-02-09 22:00
0.37,2023-02-09 23:00
-0.17,2023-02-10 00:00
-0.12,2023-02-10 01:00
-1.0,2023-02-10 02:00
-0.01,2023-02-10 03:00
0.72,2023-02-10 04:00
0.79,2023-02-10 05:00
0.69,2023-02-10 06:00
0.15,2023-02-10 07:00
0.89,2023-02-10 08:00
-0.01,2023-02-10 09:00
0.84,2023-02-10 10:00
1.16,2023-02-10 11:00
1.21,2023-02-10 12:00
0.82,2023-02-10 13:00
1.14,2023-02-10 14:00
0.18,2023-02-10 15:00
1.01,2023-02-10 16:00
1.25,2023-02-10 17:00
3.19,2023-02-10 18:00
1.25,2023-02-10 19:00
1.84,2023-02-10 20:00
-0.05,2023-02-10 21:00
-0.69,2023-02-10 22:00
-1.32,2023-02-10 23:00
-0.83,2023-02-11 00:00
0.09,2023-02-11 01:00
1.01,2023-02-11 02:00
2.28,2023-02-11 03:00
2.06,2023-02-11 04:00
2.38,2023-02-11 05:00
2.06,2023-02-11 06:00
1.87,2023-02-11 07:00
1.76,2023-02-11 08:00
-0.42,2023-02-11 09:00
0.34,2023-02-11 10:00
-0.04,2023-02-11 11:00
0.6,2023-02-11 12:00
0.11,2023-02-11 13:00
-0.79,2023-02-11 14:00
-0.35,2023-02-11 15:00
-0.4,2023-02-11 16:00
-0.89,2023-02-11 17:00
1.4,2023-02-11 18:00
0.68,2023-02-11 19:00
0.33,2023-02-11 20:00
2.28,2023-02-11 21:00
1.05,2023-02-11 22:00
-0.38,2023-02-11 23:00
-1.43,2023-02-12 00:00
-0.76,2023-02-12 01:00
1.74,2023-02-12 02:00
2.63,2023-02-12 03:00
2.63,2023-02-12 04:00
2.33,2023-02-12 05:00
2.03,2023-02-12 06:00
2.6,2023-02-12 07:00
2.83,2023-02-12 08:00
2.52,2023-02-12 09:00
1.87,2023-02-12 10:00
2.74,2023-02-12 11:00
2.43,2023-02-12 12:00
3.14,2023-02-12 13:00
2.63,2023-02-12 14:00
2.64,2023-02-12 15:00
2.27,2023-02-12 16:00
2.85,2023-02-12 17:00
3.64,2023-02-12 18:00
4.2,2023-02-12 19:00
3.12,2023-02-12 20:00
4.04,2023-02-12 21:00
2.63,2023-02-12 22:00
3.12,2023-02-12 23:00
2.88,2023-02-13 00:00
3.21,2023-02-13 01:00
3.53,2023-02-13 02:00
3.79,2023-02-13 03:00
4.34,2023-02-13 04:00
3.92,2023-02-13 05:00
4.15,2023-02-13 06:00
4.57,2023-02-13 07:00
4.47,2023-02-13 08:00
5.66,2023-02-13 09:00
4.73,2023-02-13 10:00
5.49,2023-02-13 11:00
5.97,2023-02-13 12:00
5.96,2023-02-13 13:00
5.5,2023-02-13 14:00
5.7,2023-02-13 15:00
5.62,2023-02-13 16:00
5.55,2023-02-13 17:00
7.23,2023-02-13 18:00
6.02,2023-02-13 19:00
5.72,2023-02-13 20:00
7.19,2023-02-13 21:00
7.74,2023-02-13 22:00
7.98,2023-02-13 23:00
7.23,2023-02-14 00:00
6.69,2023-02-14 01:00
5.95,2023-02-14 02:00
5.95,2023-02-14 03:00
5.8,2023-02-14 04:00
5.28,2023-02-14 05:00
5.48,2023-02-14 06:00
5.35,2023-02-14 07:00
5.73,2023-02-14 08:00
6.19,2023-02-14 09:00
4.85,2023-02-14 10:00
5.27,2023-02-14 11:00
5.4,2023-02-14 12:00
5.77,2023-02-14 13:00
5.3,2023-02-14 14:00
5.71,2023-02-14 15:00
6.33,2023-02-14 16:00
5.76,2023-02-14 17:00
6.09,2023-02-14 18:00
4.82,2023-02-14 19:00
5.15,2023-02-14 20:00
5.23,2023-02-14 21:00
5.88,2023-02-14 22:00
5.55,2023-02-14 23:00
5.7,2023-02-15 00:00
6.19,2023-02-15 01:00
6.25,2023-02-15 02:00
6.21,2023-02-15 03:00
5.53,2023-02-15 04:00
5.04,2023-02-15 05:00
5.77,2023-02-15 06:00
5.67,2023-02-15 07:00
5.69,2023-02-15 08:00
6.86,2023-02-15 09:00
5.63,2023-02-15 10:00
5.97,2023-02-15 11:00
6.27,2023-02-15 12:00
6.62,2023-02-15 13:00
6.13,2023-02-15 14:00
5.86,2023-02-15 15:00
6.3,2023-02-15 16:00
6.67,2023-02-15 17:00
5.91,2023-02-15 18:00
5.39,2023-02-15 19:00
5.16,2023-02-15 20:00
6.22,2023-02-15 21:00
6.4,2023-02-15 22:00
7.41,2023-02-15 23:00
6.86,2023-02-16 00:00
6.55,2023-02-16 01:00
8.06,2023-02-16 02:00
7.02,2023-02-16 03:00
5.61,2023-02-16 04:00
5.61,2023-02-16 05:00
5.34,2023-02-16 06:00
5.5,2023-02-16 07:00
4.29,2023-02-16 08:00
7.52,2023-02-16 09:00
6.94,2023-02-16 10:00
6.85,2023-02-16 11:00
5.66,2023-02-16 12:00
5.07,2023-02-16 13:00
5.83,2023-02-16 14:00
7.25,2023-02-16 15:00
7.07,2023-02-16 16:00
7.83,2023-02-16 17:00
5.68,2023-02-16 18:00
6.49,2023-02-16 19:00
7.51,2023-02-16 20:00
7.79,2023-02-16 21:00
7.04,2023-02-16 22:00
7.9,2023-02-16 23:00
8.07,2023-02-17 00:00
7.24,2023-02-17 01:00
6.82,2023-02-17 02:00
7.23,2023-02-17 03:00
7.23,2023-02-17 04:00
7.08,2023-02-17 05:00
6.91,2023-02-17 06:00
8.38,2023-02-17 07:00
7.62,2023-02-17 08:00
7.44,2023-02-17 09:00
3.16,2023-02-17 10:00
2.99,2023-02-17 11:00
3.5,2023-02-17 12:00
3.4,2023-02-17 13:00
2.19,2023-02-17 14:00
2.07,2023-02-17 15:00
-0.04,2023-02-17 16:00
7.29,2023-02-17 17:00
-1.2,2023-02-17 18:00
-1.61,2023-02-17 19:00
2.94,2023-02-17 20:00
2.31,2023-02-17 21:00
4.21,2023-02-17 22:00
4.47,2023-02-17 23:00
4.47,2023-02-18 00:00
3.75,2023-02-18 01:00
3.22,2023-02-18 02:00
6.08,2023-02-18 03:00
6.62,2023-02-18 04:00
5.05,2023-02-18 05:00
5.29,2023-02-18 06:00
4.71,2023-02-18 07:00
3.71,2023-02-18 08:00
4.5,2023-02-18 09:00
0.92,2023-02-18 10:00
2.62,2023-02-18 11:00
2.7,2023-02-18 12:00
4.06,2023-02-18 13:00
4.43,2023-02-18 14:00
5.0,2023-02-18 15:00
5.22,2023-02-18 16:00
5.3,2023-02-18 17:00
3.9,2023-02-18 18:00
4.7,2023-02-18 19:00
7.34,2023-02-18 20:00
8.09,2023-02-18 21:00
6.71,2023-02-18 22:00
5.4,2023-02-18 23:00
6.87,2023-02-19 00:00
6.58,2023-02-19 01:00
6.63,2023-02-19 02:00
5.78,2023-02-19 03:00
6.22,2023-02-19 04:00
5.88,2023-02-19 05:00
5.22,2023-02-19 06:00
4.57,2023-02-19 07:00
2.98,2023-02-19 08:00
6.15,2023-02-19 09:00
8.0,2023-02-19 10:00
7.2,2023-02-19 11:00
7.58,2023-02-19 12:00
8.28,2023-02-19 13:00
8.91,2023-02-19 14:00
7.4,2023-02-19 15:00
7.01,2023-02-19 16:00
8.38,2023-02-19 17:00
7.88,2023-02-19 18:00
7.74,2023-02-19 19:00
8.27,2023-02-19 20:00
8.22,2023-02-19 21:00
8.54,2023-02-19 22:00
8.18,2023-02-19 23:00
8.8,2023-02-20 00:00
8.02,2023-02-20 01:00
6.74,2023-02-20 02:00
8.06,2023-02-20 03:00
7.3,2023-02-20 04:00
8.35,2023-02-20 05:00
8.94,2023-02-20 06:00
9.5,2023-02-20 07:00
8.77,2023-02-20 08:00
8.39,2023-02-20 09:00
5.77,2023-02-20 10:00
6.35,2023-02-20 11:00
7.09,2023-02-20 12:00
7.14,2023-02-20 13:00
7.38,2023-02-20 14:00
7.58,2023-02-20 15:00
8.56,2023-02-20 16:00
7.43,2023-02-20 17:00
7.37,2023-02-20 18:00
7.68,2023-02-20 19:00
9.0,2023-02-20 20:00
9.47,2023-02-20 21:00
9.4,2023-02-20 22:00
10.8,2023-02-20 23:00
10.36,2023-02-21 00:00
10.2,2023-02-21 01:00
9.68,2023-02-21 02:00
10.95,2023-02-21 03:00
10.75,2023-02-21 04:00
8.74,2023-02-21 05:00
8.89,2023-02-21 06:00
8.51,2023-02-21 07:00
8.64,2023-02-21 08:00
9.1,2023-02-21 09:00
9.52,2023-02-21 10:00
10.35,2023-02-21 11:00
10.08,2023-02-21 12:00
11.35,2023-02-21 13:00
11.55,2023-02-21 14:00
11.78,2023-02-21 15:00
11.76,2023-02-21 16:00
11.76,2023-02-21 17:00
10.71,2023-02-21 18:00
10.68,2023-02-21 19:00
10.3,2023-02-21 20:00
10.47,2023-02-21 21:00
10.07,2023-02-21 22:00
10.1,2023-02-21 23:00
10.1,2023-02-22 00:00
10.2,2023-02-22 01:00
10.24,2023-02-22 02:00
10.25,2023-02-22 03:00
9.71,2023-02-22 04:00
9.86,2023-02-22 05:00
9.86,2023-02-22 06:00
9.83,2023-02-22 07:00
9.31,2023-02-22 08:00
9.35,2023-02-22 09:00
9.41,2023-02-22 10:00
10.46,2023-02-22 11:00
10.71,2023-02-22 12:00
10.54,2023-02-22 13:00
10.51,2023-02-22 14:00
10.54,2023-02-22 15:00
10.7,2023-02-22 16:00
10.21,2023-02-22 17:00
9.8,2023-02-22 18:00
8.37,2023-02-22 19:00
7.3,2023-02-22 20:00
7.25,2023-02-22 21:00
6.14,2023-02-22 22:00
5.58,2023-02-22 23:00
5.24,2023-02-23 00:00
4.04,2023-02-23 01:00
3.47,2023-02-23 02:00
3.45,2023-02-23 03:00
3.08,2023-02-23 04:00
2.54,2023-02-23 05:00
2.19,2023-02-23 06:00
2.18,2023-02-23 07:00
1.67,2023-02-23 08:00
2.4,2023-02-23 09:00
2.89,2023-02-23 10:00
2.57,2023-02-23 11:00
2.68,2023-02-23 12:00
1.8,2023-02-23 13:00
2.29,2023-02-23 14:00
2.34,2023-02-23 15:00
1.58,2023-02-23 16:00
1.3,2023-02-23 17:00
2.18,2023-02-23 18:00
3.13,2023-02-23 19:00
3.11,2023-02-23 20:00
3.03,2023-02-23 21:00
2.2,2023-02-23 22:00
2.2,2023-02-23 23:00
1.98,2023-02-24 00:00
1.79,2023-02-24 01:00
1.56,2023-02-24 02:00
1.9,2023-02-24 03:00
0.99,2023-02-24 04:00
1.17,2023-02-24 05:00
1.38,2023-02-24 06:00
1.41,2023-02-24 07:00
0.99,2023-02-24 08:00
1.28,2023-02-24 09:00
2.5,2023-02-24 10:00
3.38,2023-02-24 11:00
2.71,2023-02-24 12:00
2.82,2023-02-24 13:00
2.59,2023-02-24 14:00
2.26,2023-02-24 15:00
2.54,2023-02-24 16:00
2.75,2023-02-24 17:00
2.39,2023-02-24 18:00
2.27,2023-02-24 19:00
2.02,2023-02-24 20:00
2.21,2023-02-24 21:00
1.66,2023-02-24 22:00
2.03,2023-02-24 23:00
1.65,2023-02-25 00:00
1.34,2023-02-25 01:00
1.65,2023-02-25 02:00
1.8,2023-02-25 03:00
2.15,2023-02-25 04:00
1.99,2023-02-25 05:00
2.15,2023-02-25 06:00
1.95,2023-02-25 07:00
2.27,2023-02-25 08:00
2.08,2023-02-25 09:00
2.81,2023-02-25 10:00
3.38,2023-02-25 11:00
3.74,2023-02-25 12:00
4.13,2023-02-25 13:00
5.15,2023-02-25 14:00
5.48,2023-02-25 15:00
5.77,2023-02-25 16:00
6.46,2023-02-25 17:00
6.6,2023-02-25 18:00
6.06,2023-02-25 19:00
5.5,2023-02-25 20:00
4.66,2023-02-25 21:00
4.64,2023-02-25 22:00
4.32,2023-02-25 23:00
4.64,2023-02-26 00:00
3.96,2023-02-26 01:00
3.79,2023-02-26 02:00
3.59,2023-02-26 03:00
3.12,2023-02-26 04:00
0.96,2023-02-26 05:00
0.72,2023-02-26 06:00
0.72,2023-02-26 07:00
3.01,2023-02-26 08:00
4.0,2023-02-26 09:00
5.37,2023-02-26 10:00
6.04,2023-02-26 11:00
6.14,2023-02-26 12:00
6.09,2023-02-26 13:00
5.41,2023-02-26 14:00
6.07,2023-02-26 15:00
5.56,2023-02-26 16:00
6.57,2023-02-26 17:00
6.07,2023-02-26 18:00
5.4,2023-02-26 19:00
4.62,2023-02-26 20:00
3.79,2023-02-26 21:00
3.47,2023-02-26 22:00
2.23,2023-02-26 23:00
2.33,2023-02-27 00:00
1.31,2023-02-27 01:00
2.13,2023-02-27 02:00
2.1,2023-02-27 03:00
2.63,2023-02-27 04:00
3.03,2023-02-27 05:00
2.12,2023-02-27 06:00
1.87,2023-02-27 07:00
0.66,2023-02-27 08:00
-0.74,2023-02-27 09:00
0.3,2023-02-27 10:00
0.3,2023-02-27 11:00
-0.48,2023-02-27 12:00
-0.17,2023-02-27 13:00
0.83,2023-02-27 14:00
1.53,2023-02-27 15:00
1.52,2023-02-27 16:00
2.45,2023-02-27 17:00
3.72,2023-02-27 18:00
0.72,2023-02-27 19:00
1.01,2023-02-27 20:00
0.83,2023-02-27 21:00
-1.54,2023-02-27 22:00
-2.57,2023-02-27 23:00
-3.71,2023-02-28 00:00
-3.14,2023-02-28 01:00
-3.51,2023-02-28 02:00
-2.97,2023-02-28 03:00
-1.9,2023-02-28 04:00
-2.27,2023-02-28 05:00
-1.78,2023-02-28 06:00
-3.51,2023-02-28 07:00
-3.77,2023-02-28 08:00
-2.72,2023-02-28 09:00
-2.46,2023-02-28 10:00
-2.2,2023-02-28 11:00
-2.58,2023-02-28 12:00
-1.59,2023-02-28 13:00
-1.14,2023-02-28 14:00
-2.25,2023-02-28 15:00
-1.49,2023-02-28 16:00
-1.55,2023-02-28 17:00
-0.6,2023-02-28 18:00
-1.62,2023-02-28 19:00
-0.45,2023-02-28 20:00
-1.07,2023-02-28 21:00
-0.44,2023-02-28 22:00
-0.37,2023-02-28 23:00
-1.36,2023-03-01 00:00
-0.94,2023-03-01 01:00
-0.3,2023-03-01 02:00
0.38,2023-03-01 03:00
0.52,2023-03-01 04:00
0.51,2023-03-01 05:00
-0.08,2023-03-01 06:00
-0.77,2023-03-01 07:00
-1.75,2023-03-01 08:00
-0.9,2023-03-01 09:00
-1.21,2023-03-01 10:00
-0.95,2023-03-01 11:00
-0.48,2023-03-01 12:00
-0.6,2023-03-01 13:00
-1.06,2023-03-01 14:00
-0.62,2023-03-01 15:00
0.4,2023-03-01 16:00
2.03,2023-03-01 17:00
3.2,2023-03-01 18:00
2.95,2023-03-01 19:00
1.82,2023-03-01 20:00
1.31,2023-03-01 21:00
2.54,2023-03-01 22:00
2.09,2023-03-01 23:00
2.22,2023-03-02 00:00
1.56,2023-03-02 01:00
2.02,2023-03-02 02:00
1.58,2023-03-02 03:00
1.33,2023-03-02 04:00
1.33,2023-03-02 05:00
1.29,2023-03-02 06:00
1.03,2023-03-02 07:00
-0.89,2023-03-02 08:00
-0.08,2023-03-02 09:00
0.78,2023-03-02 10:00
0.5,2023-03-02 11:00
0.34,2023-03-02 12:00
1.01,2023-03-02 13:00
0.19,2023-03-02 14:00
0.42,2023-03-02 15:00
-1.05,2023-03-02 16:00
-1.21,2023-03-02 17:00
3.54,2023-03-02 18:00
3.28,2023-03-02 19:00
1.5,2023-03-02 20:00
2.93,2023-03-02 21:00
3.03,2023-03-02 22:00
2.84,2023-03-02 23:00
2.51,2023-03-03 00:00
2.81,2023-03-03 01:00
2.61,2023-03-03 02:00
1.98,2023-03-03 03:00
0.79,2023-03-03 04:00
1.07,2023-03-03 05:00
1.8,2023-03-03 06:00
-1.31,2023-03-03 07:00
1.65,2023-03-03 08:00
3.03,2023-03-03 09:00
2.78,2023-03-03 10:00
4.31,2023-03-03 11:00
4.38,2023-03-03 12:00
3.21,2023-03-03 13:00
2.26,2023-03-03 14:00
1.72,2023-03-03 15:00
4.08,2023-03-03 16:00
3.85,2023-03-03 17:00
3.09,2023-03-03 18:00
3.95,2023-03-03 19:00
2.88,2023-03-03 20:00
3.27,2023-03-03 21:00
3.41,2023-03-03 22:00
3.75,2023-03-03 23:00
2.84,2023-03-04 00:00
3.92,2023-03-04 01:00
3.17,2023-03-04 02:00
2.0,2023-03-04 03:00
1.1,2023-03-04 04:00
2.13,2023-03-04 05:00
4.13,2023-03-04 06:00
2.96,2023-03-04 07:00
2.79,2023-03-04 08:00
0.96,2023-03-04 09:00
1.8,2023-03-04 10:00
2.41,2023-03-04 11:00
2.39,2023-03-04 12:00
2.07,2023-03-04 13:00
1.14,2023-03-04 14:00
1.27,2023-03-04 15:00
0.34,2023-03-04 16:00
-0.51,2023-03-04 17:00
4.38,2023-03-04 18:00
1.86,2023-03-04 19:00
3.9,2023-03-04 20:00
3.71,2023-03-04 21:00
4.41,2023-03-04 22:00
4.24,2023-03-04 23:00
4.28,2023-03-05 00:00
1.8,2023-03-05 01:00
2.03,2023-03-05 02:00
2.29,2023-03-05 03:00
4.13,2023-03-05 04:00
4.76,2023-03-05 05:00
5.02,2023-03-05 06:00
4.91,2023-03-05 07:00
5.64,2023-03-05 08:00
6.32,2023-03-05 09:00
6.43,2023-03-05 10:00
6.83,2023-03-05 11:00
7.08,2023-03-05 12:00
7.44,2023-03-05 13:00
7.84,2023-03-05 14:00
7.42,2023-03-05 15:00
7.97,2023-03-05 16:00
7.96,2023-03-05 17:00
7.75,2023-03-05 18:00
7.92,2023-03-05 19:00
7.92,2023-03-05 20:00
8.08,2023-03-05 21:00
8.09,2023-03-05 22:00
8.14,2023-03-05 23:00
8.14,2023-03-06 00:00
8.79,2023-03-06 01:00
8.63,2023-03-06 02:00
9.32,2023-03-06 03:00
9.27,2023-03-06 04:00
9.14,2023-03-06 05:00
9.11,2023-03-06 06:00
9.27,2023-03-06 07:00
9.32,2023-03-06 08:00
10.4,2023-03-06 09:00
10.4,2023-03-06 10:00
11.01,2023-03-06 11:00
11.59,2023-03-06 12:00
12.6,2023-03-06 13:00
12.44,2023-03-06 14:00
12.47,2023-03-06 15:00
12.47,2023-03-06 16:00
12.46,2023-03-06 17:00
11.72,2023-03-06 18:00
11.33,2023-03-06 19:00
11.33,2023-03-06 20:00
11.49,2023-03-06 21:00
11.48,2023-03-06 22:00
11.47,2023-03-06 23:00
10.96,2023-03-07 00:00
10.42,2023-03-07 01:00
10.39,2023-03-07 02:00
9.87,2023-03-07 03:00
10.07,2023-03-07 04:00
9.91,2023-03-07 05:00
9.39,2023-03-07 06:00
9.87,2023-03-07 07:00
9.99,2023-03-07 08:00
9.97,2023-03-07 09:00
11.12,2023-03-07 10:00
10.83,2023-03-07 11:00
11.65,2023-03-07 12:00
11.76,2023-03-07 13:00
11.53,2023-03-07 14:00
10.86,2023-03-07 15:00
10.52,2023-03-07 16:00
10.36,2023-03-07 17:00
10.38,2023-03-07 18:00
10.16,2023-03-07 19:00
9.98,2023-03-07 20:00
9.98,2023-03-07 21:00
10.54,2023-03-07 22:00
11.22,2023-03-07 23:00
12.57,2023-03-08 00:00
13.08,2023-03-08 01:00
12.57,2023-03-08 02:00
12.57,2023-03-08 03:00
12.55,2023-03-08 04:00
12.57,2023-03-08 05:00
12.57,2023-03-08 06:00
13.08,2023-03-08 07:00
13.12,2023-03-08 08:00
13.64,2023-03-08 09:00
13.13,2023-03-08 10:00
13.66,2023-03-08 11:00
13.67,2023-03-08 12:00
14.16,2023-03-08 13:00
13.69,2023-03-08 14:00
13.65,2023-03-08 15:00
13.65,2023-03-08 16:00
13.66,2023-03-08 17:00
13.66,2023-03-08 18:00
13.13,2023-03-08 19:00
13.13,2023-03-08 20:00
13.13,2023-03-08 21:00
13.13,2023-03-08 22:00
13.13,2023-03-08 23:00
12.59,2023-03-09 00:00
12.07,2023-03-09 01:00
12.05,2023-03-09 02:00
11.78,2023-03-09 03:00
12.05,2023-03-09 04:00
11.95,2023-03-09 05:00
11.49,2023-03-09 06:00
11.53,2023-03-09 07:00
11.89,2023-03-09 08:00
11.73,2023-03-09 09:00
12.6,2023-03-09 10:00
12.24,2023-03-09 11:00
10.57,2023-03-09 12:00
12.68,2023-03-09 13:00
13.07,2023-03-09 14:00
12.75,2023-03-09 15:00
13.05,2023-03-09 16:00
12.71,2023-03-09 17:00
12.5,2023-03-09 18:00
12.14,2023-03-09 19:00
12.43,2023-03-09 20:00
11.91,2023-03-09 21:00
12.07,2023-03-09 22:00
12.07,2023-03-09 23:00
12.05,2023-03-10 00:00
11.54,2023-03-10 01:00
11.54,2023-03-10 02:00
11.54,2023-03-10 03:00
11.54,2023-03-10 04:00
11.69,2023-03-10 05:00
11.7,2023-03-10 06:00
11.02,2023-03-10 07:00
11.7,2023-03-10 08:00
12.09,2023-03-10 09:00
13.15,2023-03-10 10:00
13.03,2023-03-10 11:00
13.57,2023-03-10 12:00
13.58,2023-03-10 13:00
12.71,2023-03-10 14:00
12.88,2023-03-10 15:00
12.45,2023-03-10 16:00
12.79,2023-03-10 17:00
12.45,2023-03-10 18:00
12.59,2023-03-10 19:00
12.59,2023-03-10 20:00
13.11,2023-03-10 21:00
13.11,2023-03-10 22:00
13.11,2023-03-10 23:00
13.15,2023-03-11 00:00
13.67,2023-03-11 01:00
13.67,2023-03-11 02:00
13.31,2023-03-11 03:00
13.15,2023-03-11 04:00
13.31,2023-03-11 05:00
13.31,2023-03-11 06:00
13.31,2023-03-11 07:00
13.15,2023-03-11 08:00
13.67,2023-03-11 09:00
13.73,2023-03-11 10:00
13.74,2023-03-11 11:00
13.74,2023-03-11 12:00
14.09,2023-03-11 13:00
13.93,2023-03-11 14:00
13.55,2023-03-11 15:00
13.74,2023-03-11 16:00
13.58,2023-03-11 17:00
13.54,2023-03-11 18:00
13.71,2023-03-11 19:00
13.37,2023-03-11 20:00
13.53,2023-03-11 21:00
13.52,2023-03-11 22:00
12.96,2023-03-11 23:00
12.56,2023-03-12 00:00
12.04,2023-03-12 01:00
12.03,2023-03-12 02:00
12.03,2023-03-12 03:00
12.49,2023-03-12 04:00
12.49,2023-03-12 05:00
12.51,2023-03-12 06:00
11.96,2023-03-12 07:00
12.49,2023-03-12 08:00
12.74,2023-03-12 09:00
13.47,2023-03-12 10:00
13.09,2023-03-12 11:00
13.16,2023-03-12 12:00
13.98,2023-03-12 13:00
13.01,2023-03-12 14:00
13.18,2023-03-12 15:00
13.44,2023-03-12 16:00
13.06,2023-03-12 17:00
12.13,2023-03-12 18:00
11.72,2023-03-12 19:00
11.25,2023-03-12 20:00
11.2,2023-03-12 21:00
11.04,2023-03-12 22:00
10.18,2023-03-12 23:00
10.83,2023-03-13 00:00
10.05,2023-03-13 01:00
10.23,2023-03-13 02:00
10.94,2023-03-13 03:00
11.78,2023-03-13 04:00
11.78,2023-03-13 05:00
10.89,2023-03-13 06:00
11.72,2023-03-13 07:00
12.57,2023-03-13 08:00
12.43,2023-03-13 09:00
11.42,2023-03-13 10:00
11.43,2023-03-13 11:00
11.23,2023-03-13 12:00
11.42,2023-03-13 13:00
10.82,2023-03-13 14:00
10.18,2023-03-13 15:00
9.76,2023-03-13 16:00
9.34,2023-03-13 17:00
8.13,2023-03-13 18:00
9.5,2023-03-13 19:00
9.13,2023-03-13 20:00
9.09,2023-03-13 21:00
9.44,2023-03-13 22:00
9.08,2023-03-13 23:00
8.86,2023-03-14 00:00
8.51,2023-03-14 01:00
7.85,2023-03-14 02:00
8.04,2023-03-14 03:00
7.97,2023-03-14 04:00
7.91,2023-03-14 05:00
7.97,2023-03-14 06:00
7.99,2023-03-14 07:00
8.66,2023-03-14 08:00
9.11,2023-03-14 09:00
10.06,2023-03-14 10:00
9.61,2023-03-14 11:00
9.09,2023-03-14 12:00
8.83,2023-03-14 13:00
9.12,2023-03-14 14:00
9.2,2023-03-14 15:00
9.39,2023-03-14 16:00
8.4,2023-03-14 17:00
8.96,2023-03-14 18:00
8.73,2023-03-14 19:00
9.56,2023-03-14 20:00
9.37,2023-03-14 21:00
8.45,2023-03-14 22:00
8.75,2023-03-14 23:00
8.35,2023-03-15 00:00
8.34,2023-03-15 01:00
8.02,2023-03-15 02:00
7.96,2023-03-15 03:00
8.38,2023-03-15 04:00
7.34,2023-03-15 05:00
7.45,2023-03-15 06:00
7.01,2023-03-15 07:00
7.19,2023-03-15 08:00
8.17,2023-03-15 09:00
8.18,2023-03-15 10:00
9.81,2023-03-15 11:00
9.51,2023-03-15 12:00
6.88,2023-03-15 13:00
6.44,2023-03-15 14:00
6.76,2023-03-15 15:00
8.03,2023-03-15 16:00
8.98,2023-03-15 17:00
9.93,2023-03-15 18:00
7.22,2023-03-15 19:00
7.78,2023-03-15 20:00
7.82,2023-03-15 21:00
7.82,2023-03-15 22:00
8.53,2023-03-15 23:00
8.25,2023-03-16 00:00
8.36,2023-03-16 01:00
7.38,2023-03-16 02:00
7.74,2023-03-16 03:00
7.79,2023-03-16 04:00
7.2,2023-03-16 05:00
6.95,2023-03-16 06:00
6.95,2023-03-16 07:00
7.81,2023-03-16 08:00
8.64,2023-03-16 09:00
10.3,2023-03-16 10:00
10.94,2023-03-16 11:00
10.28,2023-03-16 12:00
9.38,2023-03-16 13:00
9.77,2023-03-16 14:00
11.6,2023-03-16 15:00
11.61,2023-03-16 16:00
11.22,2023-03-16 17:00
11.2,2023-03-16 18:00
11.2,2023-03-16 19:00
11.7,2023-03-16 20:00
11.39,2023-03-16 21:00
11.38,2023-03-16 22:00
10.85,2023-03-16 23:00
10.84,2023-03-17 00:00
10.67,2023-03-17 01:00
10.8,2023-03-17 02:00
10.28,2023-03-17 03:00
10.08,2023-03-17 04:00
9.53,2023-03-17 05:00
9.57,2023-03-17 06:00
9.76,2023-03-17 07:00
10.28,2023-03-17 08:00
10.51,2023-03-17 09:00
10.49,2023-03-17 10:00
10.81,2023-03-17 11:00
11.22,2023-03-17 12:00
10.13,2023-03-17 13:00
10.37,2023-03-17 14:00
9.92,2023-03-17 15:00
10.83,2023-03-17 16:00
10.36,2023-03-17 17:00
9.87,2023-03-17 18:00
8.97,2023-03-17 19:00
9.3,2023-03-17 20:00
9.44,2023-03-17 21:00
9.18,2023-03-17 22:00
9.72,2023-03-17 23:00
10.02,2023-03-18 00:00
9.1,2023-03-18 01:00
9.3,2023-03-18 02:00
9.34,2023-03-18 03:00
9.3,2023-03-18 04:00
9.34,2023-03-18 05:00
9.34,2023-03-18 06:00
9.99,2023-03-18 07:00
10.01,2023-03-18 08:00
10.59,2023-03-18 09:00
11.13,2023-03-18 10:00
11.53,2023-03-18 11:00
12.56,2023-03-18 12:00
12.09,2023-03-18 13:00
11.87,2023-03-18 14:00
11.94,2023-03-18 15:00
11.19,2023-03-18 16:00
11.36,2023-03-18 17:00
10.66,2023-03-18 18:00
10.36,2023-03-18 19:00
9.89,2023-03-18 20:00
9.88,2023-03-18 21:00
9.47,2023-03-18 22:00
8.95,2023-03-18 23:00
9.06,2023-03-19 00:00
8.55,2023-03-19 01:00
8.66,2023-03-19 02:00
7.61,2023-03-19 03:00
7.61,2023-03-19 04:00
7.56,2023-03-19 05:00
7.12,2023-03-19 06:00
6.97,2023-03-19 07:00
8.8,2023-03-19 08:00
9.08,2023-03-19 09:00
9.56,2023-03-19 10:00
10.51,2023-03-19 11:00
9.95,2023-03-19 12:00
9.24,2023-03-19 13:00
9.69,2023-03-19 14:00
9.87,2023-03-19 15:00
9.61,2023-03-19 16:00
9.22,2023-03-19 17:00
11.02,2023-03-19 18:00
7.93,2023-03-19 19:00
10.19,2023-03-19 20:00
9.69,2023-03-19 21:00
9.64,2023-03-19 22:00
9.81,2023-03-19 23:00
9.29,2023-03-20 00:00
9.61,2023-03-20 01:00
9.09,2023-03-20 02:00
9.24,2023-03-20 03:00
8.87,2023-03-20 04:00
7.41,2023-03-20 05:00
5.78,2023-03-20 06:00
6.24,2023-03-20 07:00
8.53,2023-03-20 08:00
9.42,2023-03-20 09:00
9.64,2023-03-20 10:00
10.69,2023-03-20 11:00
10.58,2023-03-20 12:00
10.37,2023-03-20 13:00
9.87,2023-03-20 14:00
9.07,2023-03-20 15:00
9.19,2023-03-20 16:00
9.33,2023-03-20 17:00
9.38,2023-03-20 18:00
8.5,2023-03-20 19:00
9.96,2023-03-20 20:00
9.56,2023-03-20 21:00
9.59,2023-03-20 22:00
9.2,2023-03-20 23:00
9.04,2023-03-21 00:00
9.21,2023-03-21 01:00
9.19,2023-03-21 02:00
8.51,2023-03-21 03:00
8.34,2023-03-21 04:00
8.46,2023-03-21 05:00
8.62,2023-03-21 06:00
8.61,2023-03-21 07:00
9.68,2023-03-21 08:00
10.63,2023-03-21 09:00
10.67,2023-03-21 10:00
10.97,2023-03-21 11:00
11.24,2023-03-21 12:00
9.94,2023-03-21 13:00
10.69,2023-03-21 14:00
9.89,2023-03-21 15:00
10.15,2023-03-21 16:00
11.78,2023-03-21 17:00
11.21,2023-03-21 18:00
10.33,2023-03-21 19:00
10.07,2023-03-21 20:00
9.4,2023-03-21 21:00
9.77,2023-03-21 22:00
9.36,2023-03-21 23:00
9.01,2023-03-22 00:00
9.66,2023-03-22 01:00
9.5,2023-03-22 02:00
9.46,2023-03-22 03:00
9.2,2023-03-22 04:00
9.59,2023-03-22 05:00
9.56,2023-03-22 06:00
7.57,2023-03-22 07:00
9.05,2023-03-22 08:00
9.08,2023-03-22 09:00
9.45,2023-03-22 10:00
9.43,2023-03-22 11:00
9.53,2023-03-22 12:00
9.63,2023-03-22 13:00
9.95,2023-03-22 14:00
9.79,2023-03-22 15:00
10.26,2023-03-22 16:00
9.74,2023-03-22 17:00
10.02,2023-03-22 18:00
10.5,2023-03-22 19:00
9.86,2023-03-22 20:00
10.02,2023-03-22 21:00
10.37,2023-03-22 22:00
10.03,2023-03-22 23:00
10.71,2023-03-23 00:00
10.2,2023-03-23 01:00
10.35,2023-03-23 02:00
10.19,2023-03-23 03:00
10.15,2023-03-23 04:00
9.81,2023-03-23 05:00
10.15,2023-03-23 06:00
9.98,2023-03-23 07:00
10.02,2023-03-23 08:00
10.53,2023-03-23 09:00
11.6,2023-03-23 10:00
11.42,2023-03-23 11:00
12.09,2023-03-23 12:00
11.76,2023-03-23 13:00
12.32,2023-03-23 14:00
12.33,2023-03-23 15:00
11.98,2023-03-23 16:00
12.5,2023-03-23 17:00
12.31,2023-03-23 18:00
11.91,2023-03-23 19:00
11.9,2023-03-23 20:00
11.89,2023-03-23 21:00
12.4,2023-03-23 22:00
12.62,2023-03-23 23:00
12.59,2023-03-24 00:00
12.59,2023-03-24 01:00
13.13,2023-03-24 02:00
12.55,2023-03-24 03:00
11.48,2023-03-24 04:00
10.36,2023-03-24 05:00
9.83,2023-03-24 06:00
10.02,2023-03-24 07:00
10.56,2023-03-24 08:00
11.2,2023-03-24 09:00
12.12,2023-03-24 10:00
10.63,2023-03-24 11:00
10.75,2023-03-24 12:00
9.84,2023-03-24 13:00
9.45,2023-03-24 14:00
9.44,2023-03-24 15:00
9.92,2023-03-24 16:00
9.18,2023-03-24 17:00
8.85,2023-03-24 18:00
9.56,2023-03-24 19:00
8.74,2023-03-24 20:00
9.07,2023-03-24 21:00
8.68,2023-03-24 22:00
8.44,2023-03-24 23:00
8.77,2023-03-25 00:00
8.24,2023-03-25 01:00
8.39,2023-03-25 02:00
7.69,2023-03-25 03:00
7.14,2023-03-25 04:00
7.94,2023-03-25 05:00
7.88,2023-03-25 06:00
7.52,2023-03-25 07:00
8.34,2023-03-25 08:00
9.18,2023-03-25 09:00
9.54,2023-03-25 10:00
8.91,2023-03-25 11:00
8.44,2023-03-25 12:00
9.48,2023-03-25 13:00
9.39,2023-03-25 14:00
8.85,2023-03-25 15:00
9.87,2023-03-25 16:00
11.44,2023-03-25 17:00
11.63,2023-03-25 18:00
11.79,2023-03-25 19:00
12.32,2023-03-25 20:00
12.99,2023-03-25 21:00
13.15,2023-03-25 22:00
12.8,2023-03-25 23:00
11.52,2023-03-26 00:00
11.17,2023-03-26 01:00
10.97,2023-03-26 02:00
10.6,2023-03-26 03:00
10.58,2023-03-26 04:00
10.0,2023-03-26 05:00
9.96,2023-03-26 06:00
8.88,2023-03-26 07:00
9.52,2023-03-26 08:00
10.16,2023-03-26 09:00
9.63,2023-03-26 10:00
8.69,2023-03-26 11:00
7.94,2023-03-26 12:00
8.73,2023-03-26 13:00
8.47,2023-03-26 14:00
7.69,2023-03-26 15:00
7.65,2023-03-26 16:00
8.71,2023-03-26 17:00
9.09,2023-03-26 18:00
7.51,2023-03-26 19:00
5.93,2023-03-26 20:00
6.28,2023-03-26 21:00
7.49,2023-03-26 22:00
7.93,2023-03-26 23:00
7.92,2023-03-27 00:00
7.37,2023-03-27 01:00
6.18,2023-03-27 02:00
6.48,2023-03-27 03:00
6.31,2023-03-27 04:00
6.22,2023-03-27 05:00
5.9,2023-03-27 06:00
5.65,2023-03-27 07:00
7.17,2023-03-27 08:00
4.89,2023-03-27 09:00
5.34,2023-03-27 10:00
4.97,2023-03-27 11:00
5.65,2023-03-27 12:00
5.62,2023-03-27 13:00
7.42,2023-03-27 14:00
5.9,2023-03-27 15:00
4.64,2023-03-27 16:00
5.68,2023-03-27 17:00
9.08,2023-03-27 18:00
5.21,2023-03-27 19:00
6.11,2023-03-27 20:00
7.18,2023-03-27 21:00
9.85,2023-03-27 22:00
9.3,2023-03-27 23:00
8.99,2023-03-28 00:00
7.56,2023-03-28 01:00
7.72,2023-03-28 02:00
8.24,2023-03-28 03:00
8.42,2023-03-28 04:00
8.22,2023-03-28 05:00
8.1,2023-03-28 06:00
7.55,2023-03-28 07:00
8.6,2023-03-28 08:00
7.3,2023-03-28 09:00
10.84,2023-03-28 10:00
10.05,2023-03-28 11:00
5.83,2023-03-28 12:00
7.64,2023-03-28 13:00
9.75,2023-03-28 14:00
9.79,2023-03-28 15:00
9.18,2023-03-28 16:00
8.59,2023-03-28 17:00
9.5,2023-03-28 18:00
5.81,2023-03-28 19:00
7.3,2023-03-28 20:00
10.08,2023-03-28 21:00
9.94,2023-03-28 22:00
10.42,2023-03-28 23:00
10.65,2023-03-29 00:00
10.51,2023-03-29 01:00
10.19,2023-03-29 02:00
9.21,2023-03-29 03:00
7.64,2023-03-29 04:00
8.56,2023-03-29 05:00
8.1,2023-03-29 06:00
8.11,2023-03-29 07:00
8.92,2023-03-29 08:00
5.18,2023-03-29 09:00
5.67,2023-03-29 10:00
7.86,2023-03-29 11:00
6.81,2023-03-29 12:00
9.07,2023-03-29 13:00
7.82,2023-03-29 14:00
7.03,2023-03-29 15:00
8.98,2023-03-29 16:00
12.88,2023-03-29 17:00
13.53,2023-03-29 18:00
14.18,2023-03-29 19:00
13.79,2023-03-29 20:00
13.76,2023-03-29 21:00
13.93,2023-03-29 22:00
13.58,2023-03-29 23:00
13.57,2023-03-30 00:00
13.22,2023-03-30 01:00
12.69,2023-03-30 02:00
12.65,2023-03-30 03:00
12.82,2023-03-30 04:00
12.82,2023-03-30 05:00
12.34,2023-03-30 06:00
12.17,2023-03-30 07:00
12.0,2023-03-30 08:00
12.88,2023-03-30 09:00
12.49,2023-03-30 10:00
11.02,2023-03-30 11:00
10.52,2023-03-30 12:00
11.47,2023-03-30 13:00
11.93,2023-03-30 14:00
12.15,2023-03-30 15:00
12.52,2023-03-30 16:00
11.67,2023-03-30 17:00
12.14,2023-03-30 18:00
12.35,2023-03-30 19:00
12.73,2023-03-30 20:00
13.08,2023-03-30 21:00
13.41,2023-03-30 22:00
13.53,2023-03-30 23:00
13.7,2023-03-31 00:00
13.7,2023-03-31 01:00
13.7,2023-03-31 02:00
13.69,2023-03-31 03:00
13.32,2023-03-31 04:00
13.16,2023-03-31 05:00
12.81,2023-03-31 06:00
12.21,2023-03-31 07:00
11.61,2023-03-31 08:00
12.53,2023-03-31 09:00
12.03,2023-03-31 10:00
11.4,2023-03-31 11:00
11.45,2023-03-31 12:00
11.67,2023-03-31 13:00
11.02,2023-03-31 14:00
10.37,2023-03-31 15:00
10.79,2023-03-31 16:00
10.62,2023-03-31 17:00
10.73,2023-03-31 18:00
10.58,2023-03-31 19:00
10.89,2023-03-31 20:00
10.88,2023-03-31 21:00
11.04,2023-03-31 22:00
11.24,2023-03-31 23:00
11.37,2023-04-01 00:00
11.39,2023-04-01 01:00
11.39,2023-04-01 02:00
11.39,2023-04-01 03:00
11.39,2023-04-01 04:00
11.39,2023-04-01 05:00
10.83,2023-04-01 06:00
10.15,2023-04-01 07:00
10.31,2023-04-01 08:00
10.96,2023-04-01 09:00
10.83,2023-04-01 10:00
11.19,2023-04-01 11:00
11.75,2023-04-01 12:00
11.97,2023-04-01 13:00
12.83,2023-04-01 14:00
12.83,2023-04-01 15:00
12.37,2023-04-01 16:00
12.38,2023-04-01 17:00
11.79,2023-04-01 18:00
10.52,2023-04-01 19:00
11.05,2023-04-01 20:00
10.14,2023-04-01 21:00
9.59,2023-04-01 22:00
9.02,2023-04-01 23:00
6.84,2023-04-02 00:00
4.85,2023-04-02 01:00
6.17,2023-04-02 02:00
6.84,2023-04-02 03:00
5.16,2023-04-02 04:00
4.32,2023-04-02 05:00
3.53,2023-04-02 06:00
4.65,2023-04-02 07:00
1.48,2023-04-02 08:00
4.54,2023-04-02 09:00
3.81,2023-04-02 10:00
4.81,2023-04-02 11:00
3.33,2023-04-02 12:00
3.9,2023-04-02 13:00
3.61,2023-04-02 14:00
4.64,2023-04-02 15:00
4.8,2023-04-02 16:00
5.3,2023-04-02 17:00
9.66,2023-04-02 18:00
8.54,2023-04-02 19:00
7.11,2023-04-02 20:00
7.1,2023-04-02 21:00
7.73,2023-04-02 22:00
6.81,2023-04-02 23:00
7.41,2023-04-03 00:00
6.76,2023-04-03 01:00
6.85,2023-04-03 02:00
6.74,2023-04-03 03:00
6.87,2023-04-03 04:00
6.5,2023-04-03 05:00
6.97,2023-04-03 06:00
5.62,2023-04-03 07:00
2.38,2023-04-03 08:00
3.9,2023-04-03 09:00
6.52,2023-04-03 10:00
7.77,2023-04-03 11:00
6.0,2023-04-03 12:00
6.48,2023-04-03 13:00
7.65,2023-04-03 14:00
8.81,2023-04-03 15:00
9.94,2023-04-03 16:00
9.7,2023-04-03 17:00
10.61,2023-04-03 18:00
10.81,2023-04-03 19:00
10.66,2023-04-03 20:00
11.19,2023-04-03 21:00
11.17,2023-04-03 22:00
10.82,2023-04-03 23:00
11.0,2023-04-04 00:00
10.95,2023-04-04 01:00
10.44,2023-04-04 02:00
9.93,2023-04-04 03:00
7.38,2023-04-04 04:00
5.28,2023-04-04 05:00
7.44,2023-04-04 06:00
7.22,2023-04-04 07:00
2.62,2023-04-04 08:00
0.31,2023-04-04 09:00
1.85,2023-04-04 10:00
2.76,2023-04-04 11:00
2.98,2023-04-04 12:00
-0.91,2023-04-04 13:00
-0.03,2023-04-04 14:00
-0.69,2023-04-04 15:00
-2.48,2023-04-04 16:00
-2.66,2023-04-04 17:00
7.16,2023-04-04 18:00
7.26,2023-04-04 19:00
7.99,2023-04-04 20:00
6.58,2023-04-04 21:00
5.6,2023-04-04 22:00
7.31,2023-04-04 23:00
7.56,2023-04-05 00:00
5.69,2023-04-05 01:00
2.63,2023-04-05 02:00
0.7,2023-04-05 03:00
-3.0,2023-04-05 04:00
-2.83,2023-04-05 05:00
-3.17,2023-04-05 06:00
-1.67,2023-04-05 07:00
4.61,2023-04-05 08:00
-5.14,2023-04-05 09:00
-4.5,2023-04-05 10:00
-0.47,2023-04-05 11:00
0.88,2023-04-05 12:00
1.0,2023-04-05 13:00
0.19,2023-04-05 14:00
-0.31,2023-04-05 15:00
1.56,2023-04-05 16:00
6.13,2023-04-05 17:00
7.28,2023-04-05 18:00
9.13,2023-04-05 19:00
7.81,2023-04-05 20:00
9.49,2023-04-05 21:00
9.71,2023-04-05 22:00
5.95,2023-04-05 23:00
8.24,2023-04-06 00:00
9.05,2023-04-06 01:00
6.13,2023-04-06 02:00
6.95,2023-04-06 03:00
6.13,2023-04-06 04:00
6.11,2023-04-06 05:00
5.12,2023-04-06 06:00
7.75,2023-04-06 07:00
7.64,2023-04-06 08:00
0.04,2023-04-06 09:00
0.02,2023-04-06 10:00
1.41,2023-04-06 11:00
1.01,2023-04-06 12:00
2.59,2023-04-06 13:00
0.47,2023-04-06 14:00
0.6,2023-04-06 15:00
2.27,2023-04-06 16:00
2.02,2023-04-06 17:00
12.74,2023-04-06 18:00
10.87,2023-04-06 19:00
11.34,2023-04-06 20:00
10.54,2023-04-06 21:00
9.66,2023-04-06 22:00
9.74,2023-04-06 23:00
10.01,2023-04-07 00:00
10.6,2023-04-07 01:00
8.59,2023-04-07 02:00
8.6,2023-04-07 03:00
6.41,2023-04-07 04:00
7.93,2023-04-07 05:00
7.98,2023-04-07 06:00
7.61,2023-04-07 07:00
8.39,2023-04-07 08:00
9.52,2023-04-07 09:00
5.77,2023-04-07 10:00
4.31,2023-04-07 11:00
5.29,2023-04-07 12:00
6.76,2023-04-07 13:00
6.57,2023-04-07 14:00
5.03,2023-04-07 15:00
5.69,2023-04-07 16:00
9.06,2023-04-07 17:00
10.43,2023-04-07 18:00
10.27,2023-04-07 19:00
8.6,2023-04-07 20:00
10.54,2023-04-07 21:00
9.73,2023-04-07 22:00
10.39,2023-04-07 23:00
9.34,2023-04-08 00:00
7.86,2023-04-08 01:00
8.24,2023-04-08 02:00
8.95,2023-04-08 03:00
6.49,2023-04-08 04:00
7.58,2023-04-08 05:00
4.92,2023-04-08 06:00
5.11,2023-04-08 07:00
7.98,2023-04-08 08:00
10.0,2023-04-08 09:00
8.7,2023-04-08 10:00
7.17,2023-04-08 11:00
4.33,2023-04-08 12:00
4.61,2023-04-08 13:00
9.67,2023-04-08 14:00
9.17,2023-04-08 15:00
7.93,2023-04-08 16:00
8.33,2023-04-08 17:00
10.88,2023-04-08 18:00
13.09,2023-04-08 19:00
9.39,2023-04-08 20:00
9.7,2023-04-08 21:00
10.48,2023-04-08 22:00
10.45,2023-04-08 23:00
10.56,2023-04-09 00:00
7.73,2023-04-09 01:00
10.62,2023-04-09 02:00
10.57,2023-04-09 03:00
10.08,2023-04-09 04:00
7.43,2023-04-09 05:00
7.07,2023-04-09 06:00
7.56,2023-04-09 07:00
8.5,2023-04-09 08:00
10.09,2023-04-09 09:00
10.24,2023-04-09 10:00
10.5,2023-04-09 11:00
11.05,2023-04-09 12:00
10.42,2023-04-09 13:00
7.22,2023-04-09 14:00
6.79,2023-04-09 15:00
5.9,2023-04-09 16:00
9.7,2023-04-09 17:00
10.21,2023-04-09 18:00
11.62,2023-04-09 19:00
11.58,2023-04-09 20:00
11.05,2023-04-09 21:00
10.41,2023-04-09 22:00
10.66,2023-04-09 23:00
10.26,2023-04-10 00:00
9.87,2023-04-10 01:00
10.08,2023-04-10 02:00
10.04,2023-04-10 03:00
9.55,2023-04-10 04:00
9.5,2023-04-10 05:00
9.63,2023-04-10 06:00
9.7,2023-04-10 07:00
10.1,2023-04-10 08:00
11.22,2023-04-10 09:00
12.23,2023-04-10 10:00
11.57,2023-04-10 11:00
11.89,2023-04-10 12:00
11.99,2023-04-10 13:00
11.29,2023-04-10 14:00
11.73,2023-04-10 15:00
12.24,2023-04-10 16:00
11.74,2023-04-10 17:00
12.51,2023-04-10 18:00
12.06,2023-04-10 19:00
12.8,2023-04-10 20:00
12.4,2023-04-10 21:00
11.58,2023-04-10 22:00
11.24,2023-04-10 23:00
11.03,2023-04-11 00:00
10.84,2023-04-11 01:00
10.59,2023-04-11 02:00
11.21,2023-04-11 03:00
11.21,2023-04-11 04:00
11.21,2023-04-11 05:00
12.03,2023-04-11 06:00
11.71,2023-04-11 07:00
11.94,2023-04-11 08:00
12.83,2023-04-11 09:00
11.6,2023-04-11 10:00
10.68,2023-04-11 11:00
11.23,2023-04-11 12:00
11.73,2023-04-11 13:00
11.98,2023-04-11 14:00
11.51,2023-04-11 15:00
11.0,2023-04-11 16:00
10.63,2023-04-11 17:00
10.14,2023-04-11 18:00
10.04,2023-04-11 19:00
11.41,2023-04-11 20:00
10.4,2023-04-11 21:00
10.46,2023-04-11 22:00
10.38,2023-04-11 23:00
10.53,2023-04-12 00:00
10.52,2023-04-12 01:00
10.55,2023-04-12 02:00
11.15,2023-04-12 03:00
11.25,2023-04-12 04:00
11.21,2023-04-12 05:00
11.21,2023-04-12 06:00
11.95,2023-04-12 07:00
10.81,2023-04-12 08:00
9.84,2023-04-12 09:00
9.81,2023-04-12 10:00
9.79,2023-04-12 11:00
9.49,2023-04-12 12:00
8.15,2023-04-12 13:00
6.91,2023-04-12 14:00
6.37,2023-04-12 15:00
5.37,2023-04-12 16:00
5.92,2023-04-12 17:00
5.82,2023-04-12 18:00
4.1,2023-04-12 19:00
4.98,2023-04-12 20:00
4.4,2023-04-12 21:00
4.28,2023-04-12 22:00
4.36,2023-04-12 23:00
4.08,2023-04-13 00:00
4.16,2023-04-13 01:00
4.37,2023-04-13 02:00
4.43,2023-04-13 03:00
4.59,2023-04-13 04:00
4.38,2023-04-13 05:00
4.42,2023-04-13 06:00
5.07,2023-04-13 07:00
5.39,2023-04-13 08:00
7.47,2023-04-13 09:00
7.65,2023-04-13 10:00
8.44,2023-04-13 11:00
9.09,2023-04-13 12:00
7.98,2023-04-13 13:00
8.21,2023-04-13 14:00
7.57,2023-04-13 15:00
7.62,2023-04-13 16:00
7.81,2023-04-13 17:00
8.8,2023-04-13 18:00
8.56,2023-04-13 19:00
8.92,2023-04-13 20:00
9.33,2023-04-13 21:00
9.28,2023-04-13 22:00
9.27,2023-04-13 23:00
8.96,2023-04-14 00:00
8.92,2023-04-14 01:00
9.1,2023-04-14 02:00
9.26,2023-04-14 03:00
9.37,2023-04-14 04:00
9.36,2023-04-14 05:00
9.68,2023-04-14 06:00
10.38,2023-04-14 07:00
10.97,2023-04-14 08:00
11.48,2023-04-14 09:00
12.05,2023-04-14 10:00
12.63,2023-04-14 11:00
13.15,2023-04-14 12:00
13.18,2023-04-14 13:00
13.15,2023-04-14 14:00
13.7,2023-04-14 15:00
13.69,2023-04-14 16:00
13.69,2023-04-14 17:00
13.66,2023-04-14 18:00
13.14,2023-04-14 19:00
11.83,2023-04-14 20:00
11.83,2023-04-14 21:00
11.27,2023-04-14 22:00
10.4,2023-04-14 23:00
10.01,2023-04-15 00:00
9.28,2023-04-15 01:00
8.85,2023-04-15 02:00
8.69,2023-04-15 03:00
8.65,2023-04-15 04:00
9.05,2023-04-15 05:00
9.26,2023-04-15 06:00
8.76,2023-04-15 07:00
10.0,2023-04-15 08:00
8.57,2023-04-15 09:00
11.88,2023-04-15 10:00
12.26,2023-04-15 11:00
14.13,2023-04-15 12:00
13.99,2023-04-15 13:00
13.43,2023-04-15 14:00
13.69,2023-04-15 15:00
13.2,2023-04-15 16:00
12.88,2023-04-15 17:00
14.19,2023-04-15 18:00
13.35,2023-04-15 19:00
12.22,2023-04-15 20:00
10.72,2023-04-15 21:00
10.66,2023-04-15 22:00
10.19,2023-04-15 23:00
8.95,2023-04-16 00:00
9.38,2023-04-16 01:00
8.67,2023-04-16 02:00
8.98,2023-04-16 03:00
9.51,2023-04-16 04:00
9.49,2023-04-16 05:00
8.92,2023-04-16 06:00
10.95,2023-04-16 07:00
8.76,2023-04-16 08:00
9.21,2023-04-16 09:00
10.05,2023-04-16 10:00
10.7,2023-04-16 11:00
10.41,2023-04-16 12:00
11.08,2023-04-16 13:00
10.86,2023-04-16 14:00
10.66,2023-04-16 15:00
10.92,2023-04-16 16:00
7.5,2023-04-16 17:00
13.98,2023-04-16 18:00
11.95,2023-04-16 19:00
9.51,2023-04-16 20:00
11.42,2023-04-16 21:00
12.42,2023-04-16 22:00
12.33,2023-04-16 23:00
12.61,2023-04-17 00:00
11.15,2023-04-17 01:00
10.73,2023-04-17 02:00
11.42,2023-04-17 03:00
9.3,2023-04-17 04:00
8.51,2023-04-17 05:00
7.5,2023-04-17 06:00
10.05,2023-04-17 07:00
5.6,2023-04-17 08:00
6.32,2023-04-17 09:00
7.91,2023-04-17 10:00
8.21,2023-04-17 11:00
7.86,2023-04-17 12:00
9.25,2023-04-17 13:00
9.1,2023-04-17 14:00
9.13,2023-04-17 15:00
9.16,2023-04-17 16:00
12.54,2023-04-17 17:00
13.1,2023-04-17 18:00
13.73,2023-04-17 19:00
12.32,2023-04-17 20:00
13.09,2023-04-17 21:00
11.75,2023-04-17 22:00
10.81,2023-04-17 23:00
10.77,2023-04-18 00:00
12.08,2023-04-18 01:00
10.11,2023-04-18 02:00
9.72,2023-04-18 03:00
6.05,2023-04-18 04:00
3.15,2023-04-18 05:00
2.44,2023-04-18 06:00
4.35,2023-04-18 07:00
1.76,2023-04-18 08:00
3.22,2023-04-18 09:00
3.44,2023-04-18 10:00
5.75,2023-04-18 11:00
4.97,2023-04-18 12:00
5.4,2023-04-18 13:00
5.71,2023-04-18 14:00
5.62,2023-04-18 15:00
6.04,2023-04-18 16:00
8.66,2023-04-18 17:00
6.63,2023-04-18 18:00
8.4,2023-04-18 19:00
6.35,2023-04-18 20:00
7.98,2023-04-18 21:00
9.02,2023-04-18 22:00
8.43,2023-04-18 23:00
8.48,2023-04-19 00:00
8.6,2023-04-19 01:00
8.16,2023-04-19 02:00
7.24,2023-04-19 03:00
8.19,2023-04-19 04:00
6.49,2023-04-19 05:00
6.37,2023-04-19 06:00
6.75,2023-04-19 07:00
5.9,2023-04-19 08:00
8.88,2023-04-19 09:00
8.68,2023-04-19 10:00
8.55,2023-04-19 11:00
8.46,2023-04-19 12:00
9.3,2023-04-19 13:00
11.37,2023-04-19 14:00
10.59,2023-04-19 15:00
10.08,2023-04-19 16:00
11.48,2023-04-19 17:00
11.38,2023-04-19 18:00
10.46,2023-04-19 19:00
10.93,2023-04-19 20:00
11.92,2023-04-19 21:00
12.25,2023-04-19 22:00
12.07,2023-04-19 23:00
11.38,2023-04-20 00:00
11.36,2023-04-20 01:00
10.69,2023-04-20 02:00
10.14,2023-04-20 03:00
10.28,2023-04-20 04:00
10.3,2023-04-20 05:00
11.11,2023-04-20 06:00
9.72,2023-04-20 07:00
9.5,2023-04-20 08:00
10.27,2023-04-20 09:00
10.8,2023-04-20 10:00
10.77,2023-04-20 11:00
11.02,2023-04-20 12:00
11.25,2023-04-20 13:00
12.2,2023-04-20 14:00
11.98,2023-04-20 15:00
12.23,2023-04-20 16:00
11.26,2023-04-20 17:00
10.91,2023-04-20 18:00
10.5,2023-04-20 19:00
9.83,2023-04-20 20:00
8.84,2023-04-20 21:00
7.68,2023-04-20 22:00
8.6,2023-04-20 23:00
8.34,2023-04-21 00:00
8.12,2023-04-21 01:00
8.51,2023-04-21 02:00
8.26,2023-04-21 03:00
8.26,2023-04-21 04:00
7.9,2023-04-21 05:00
8.38,2023-04-21 06:00
9.06,2023-04-21 07:00
9.43,2023-04-21 08:00
9.75,2023-04-21 09:00
10.53,2023-04-21 10:00
11.69,2023-04-21 11:00
11.59,2023-04-21 12:00
11.23,2023-04-21 13:00
11.72,2023-04-21 14:00
11.27,2023-04-21 15:00
11.46,2023-04-21 16:00
11.77,2023-04-21 17:00
11.41,2023-04-21 18:00
11.71,2023-04-21 19:00
10.3,2023-04-21 20:00
10.56,2023-04-21 21:00
9.99,2023-04-21 22:00
9.61,2023-04-21 23:00
9.62,2023-04-22 00:00
9.57,2023-04-22 01:00
9.6,2023-04-22 02:00
9.59,2023-04-22 03:00
9.54,2023-04-22 04:00
9.53,2023-04-22 05:00
9.41,2023-04-22 06:00
10.26,2023-04-22 07:00
11.67,2023-04-22 08:00
12.02,2023-04-22 09:00
11.78,2023-04-22 10:00
12.14,2023-04-22 11:00
10.45,2023-04-22 12:00
10.08,2023-04-22 13:00
11.0,2023-04-22 14:00
11.01,2023-04-22 15:00
10.8,2023-04-22 16:00
10.71,2023-04-22 17:00
10.48,2023-04-22 18:00
10.81,2023-04-22 19:00
13.05,2023-04-22 20:00
11.85,2023-04-22 21:00
12.19,2023-04-22 22:00
11.85,2023-04-22 23:00
11.85,2023-04-23 00:00
12.16,2023-04-23 01:00
12.5,2023-04-23 02:00
12.65,2023-04-23 03:00
12.98,2023-04-23 04:00
12.49,2023-04-23 05:00
12.98,2023-04-23 06:00
13.19,2023-04-23 07:00
13.15,2023-04-23 08:00
13.71,2023-04-23 09:00
13.6,2023-04-23 10:00
14.84,2023-04-23 11:00
14.69,2023-04-23 12:00
15.09,2023-04-23 13:00
14.77,2023-04-23 14:00
14.21,2023-04-23 15:00
14.21,2023-04-23 16:00
14.88,2023-04-23 17:00
14.34,2023-04-23 18:00
14.25,2023-04-23 19:00
14.25,2023-04-23 20:00
13.73,2023-04-23 21:00
13.72,2023-04-23 22:00
13.72,2023-04-23 23:00
13.73,2023-04-24 00:00
13.48,2023-04-24 01:00
13.22,2023-04-24 02:00
13.14,2023-04-24 03:00
13.16,2023-04-24 04:00
13.14,2023-04-24 05:00
13.11,2023-04-24 06:00
13.15,2023-04-24 07:00
13.21,2023-04-24 08:00
13.8,2023-04-24 09:00
14.67,2023-04-24 10:00
14.57,2023-04-24 11:00
14.93,2023-04-24 12:00
14.66,2023-04-24 13:00
14.21,2023-04-24 14:00
14.79,2023-04-24 15:00
14.52,2023-04-24 16:00
13.78,2023-04-24 17:00
14.05,2023-04-24 18:00
13.69,2023-04-24 19:00
13.39,2023-04-24 20:00
13.36,2023-04-24 21:00
13.17,2023-04-24 22:00
12.79,2023-04-24 23:00
12.77,2023-04-25 00:00
12.93,2023-04-25 01:00
12.63,2023-04-25 02:00
13.09,2023-04-25 03:00
12.56,2023-04-25 04:00
12.4,2023-04-25 05:00
12.57,2023-04-25 06:00
12.63,2023-04-25 07:00
12.6,2023-04-25 08:00
12.86,2023-04-25 09:00
12.35,2023-04-25 10:00
12.25,2023-04-25 11:00
13.05,2023-04-25 12:00
14.08,2023-04-25 13:00
13.85,2023-04-25 14:00
14.57,2023-04-25 15:00
15.3,2023-04-25 16:00
15.2,2023-04-25 17:00
15.31,2023-04-25 18:00
14.97,2023-04-25 19:00
14.09,2023-04-25 20:00
13.39,2023-04-25 21:00
13.35,2023-04-25 22:00
13.13,2023-04-25 23:00
12.79,2023-04-26 00:00
12.64,2023-04-26 01:00
12.83,2023-04-26 02:00
12.49,2023-04-26 03:00
12.23,2023-04-26 04:00
11.94,2023-04-26 05:00
12.06,2023-04-26 06:00
12.12,2023-04-26 07:00
14.23,2023-04-26 08:00
13.29,2023-04-26 09:00
15.55,2023-04-26 10:00
16.14,2023-04-26 11:00
17.2,2023-04-26 12:00
16.56,2023-04-26 13:00
16.82,2023-04-26 14:00
16.01,2023-04-26 15:00
15.74,2023-04-26 16:00
16.04,2023-04-26 17:00
15.41,2023-04-26 18:00
15.54,2023-04-26 19:00
15.05,2023-04-26 20:00
15.03,2023-04-26 21:00
14.21,2023-04-26 22:00
14.86,2023-04-26 23:00
14.7,2023-04-27 00:00
13.99,2023-04-27 01:00
13.64,2023-04-27 02:00
12.63,2023-04-27 03:00
11.36,2023-04-27 04:00
12.54,2023-04-27 05:00
12.11,2023-04-27 06:00
12.1,2023-04-27 07:00
14.3,2023-04-27 08:00
13.4,2023-04-27 09:00
12.55,2023-04-27 10:00
14.65,2023-04-27 11:00
12.82,2023-04-27 12:00
12.26,2023-04-27 13:00
11.66,2023-04-27 14:00
12.55,2023-04-27 15:00
14.68,2023-04-27 16:00
15.65,2023-04-27 17:00
15.77,2023-04-27 18:00
15.69,2023-04-27 19:00
12.55,2023-04-27 20:00
13.44,2023-04-27 21:00
13.51,2023-04-27 22:00
13.62,2023-04-27 23:00
11.56,2023-04-28 00:00
12.63,2023-04-28 01:00
12.97,2023-04-28 02:00
12.81,2023-04-28 03:00
12.44,2023-04-28 04:00
11.78,2023-04-28 05:00
11.68,2023-04-28 06:00
12.79,2023-04-28 07:00
12.97,2023-04-28 08:00
14.13,2023-04-28 09:00
15.27,2023-04-28 10:00
15.68,2023-04-28 11:00
14.88,2023-04-28 12:00
15.88,2023-04-28 13:00
13.88,2023-04-28 14:00
14.01,2023-04-28 15:00
12.13,2023-04-28 16:00
13.51,2023-04-28 17:00
14.46,2023-04-28 18:00
14.82,2023-04-28 19:00
14.7,2023-04-28 20:00
14.62,2023-04-28 21:00
14.11,2023-04-28 22:00
13.94,2023-04-28 23:00
13.92,2023-04-29 00:00
13.53,2023-04-29 01:00
13.48,2023-04-29 02:00
13.53,2023-04-29 03:00
13.54,2023-04-29 04:00
13.52,2023-04-29 05:00
13.52,2023-04-29 06:00
14.09,2023-04-29 07:00
14.32,2023-04-29 08:00
15.23,2023-04-29 09:00
14.93,2023-04-29 10:00
15.55,2023-04-29 11:00
15.93,2023-04-29 12:00
14.63,2023-04-29 13:00
14.98,2023-04-29 14:00
15.07,2023-04-29 15:00
16.62,2023-04-29 16:00
15.97,2023-04-29 17:00
15.83,2023-04-29 18:00
15.64,2023-04-29 19:00
14.97,2023-04-29 20:00
14.96,2023-04-29 21:00
14.62,2023-04-29 22:00
14.78,2023-04-29 23:00
14.46,2023-04-30 00:00
14.42,2023-04-30 01:00
14.41,2023-04-30 02:00
13.85,2023-04-30 03:00
13.67,2023-04-30 04:00
13.29,2023-04-30 05:00
12.74,2023-04-30 06:00
13.36,2023-04-30 07:00
13.76,2023-04-30 08:00
14.33,2023-04-30 09:00
14.49,2023-04-30 10:00
15.0,2023-04-30 11:00
14.33,2023-04-30 12:00
15.12,2023-04-30 13:00
14.62,2023-04-30 14:00
14.07,2023-04-30 15:00
13.6,2023-04-30 16:00
14.92,2023-04-30 17:00
14.73,2023-04-30 18:00
14.95,2023-04-30 19:00
13.54,2023-04-30 20:00
12.81,2023-04-30 21:00
13.45,2023-04-30 22:00
13.17,2023-04-30 23:00
